,ID,d0fc,d1fc,d4fc
0,GO:0060326,1.3474710935645682,1.5840674627447098,12.87713114660128
1,GO:0030595,1.275878581595717,1.476522388560785,5.627618277734323
2,GO:0006935,1.2890870180718006,1.5345186997531268,11.228359348651123
3,GO:0042330,1.2890870180718006,1.5345186997531268,11.228359348651123
4,GO:0097529,1.2691280711921271,1.4721303502220122,5.378845692983516
5,GO:0071222,1.2260003228061196,1.507138483615704,2.7442260057835686
6,GO:0071219,1.2260003228061196,1.507138483615704,2.7442260057835686
7,GO:0071216,1.2264237108624696,1.4998544339716027,2.706030114232182
8,GO:0032496,1.3396685870523346,1.4764913793063041,3.4678211054442256
9,GO:0050900,1.1913319716229664,1.4323400445425836,4.582574865329349
10,GO:0002237,1.3394269612664467,1.4687848507415409,3.4383696557860524
11,GO:0097530,1.4269518205322502,1.4591701058724853,6.790534398109628
12,GO:1990266,1.4643962069621517,1.4371831308815362,5.876631915953354
13,GO:0070555,1.6654946182321946,2.0489148872375176,38.62896297518576
14,GO:0019730,1.2430261944482508,1.3741695279390453,6.096538889056166
15,GO:0071621,1.492081180277424,1.5249111355596723,7.5602298438678
16,GO:1990868,1.1198277700856738,1.7681781371825813,9.252705411625902
17,GO:1990869,1.1198277700856738,1.7681781371825813,9.252705411625902
18,GO:0071347,1.8514522010037695,2.3370837622965572,49.33966363047042
19,GO:0002685,1.1253312106095774,1.4438192657882962,5.201570513744007
20,GO:0031640,1.100585072058077,1.37670259075388,3.984032577083621
21,GO:0141061,1.100585072058077,1.37670259075388,3.984032577083621
22,GO:0030593,1.5437956772237993,1.5067783449452836,6.575602858479029
23,GO:0006959,1.1707554531614466,1.4014694892689794,6.462765073505642
24,GO:0019221,1.1329141250710808,1.5031343068343634,4.573954515491744
25,GO:0061844,1.4303362360051814,1.3313766129740958,5.493864970586625
26,GO:0002688,1.1815195019059364,1.5229440555352867,6.835647590527287
27,GO:0141060,1.100585072058077,1.37670259075388,3.984032577083621
28,GO:0001906,1.058797542061317,1.295514597203577,4.218076486226241
29,GO:0002687,1.1729915094052197,1.4303309278456189,6.04303130239916
30,GO:0071674,1.101642078023234,1.5120104678824149,4.662368412172897
31,GO:0050920,1.1353581194304316,1.4510460236762488,5.880974242977865
32,GO:0050727,1.2450750708397849,1.4395353964366548,4.028577658006846
33,GO:1903706,1.0885279267354975,1.3916826479673772,4.298041204127708
34,GO:0002697,1.0754480726326319,1.35067493051861,4.090788373490449
35,GO:1902105,1.0593405067242296,1.3505731084646637,4.003649146407933
36,GO:0070371,1.0767882033686103,1.4478781210745786,4.838662552503298
37,GO:0042063,1.199184119541443,1.326339079766862,3.8720077857431083
38,GO:1903037,1.0667226031560029,1.3471498171313174,3.697329912792236
39,GO:0050678,1.1616730952319554,1.3792208358468714,4.29584772824136
40,GO:0007159,1.1847135809775915,1.3641379551866224,4.256025328071587
41,GO:0030099,1.1061156179049252,1.3228878825677601,3.8366717043245355
42,GO:0001503,1.0807872038574813,1.4334039779722245,4.712752791076203
43,GO:0030098,1.0632593218615727,1.3190891943270802,3.5245755131965524
44,GO:0048872,1.0944428425972241,1.3537068263646288,3.1227698374895865
45,GO:0002764,1.102826640483085,1.3515168152751187,2.9236546015244422
46,GO:0002757,1.1036490642867995,1.3511128121128326,2.9082397431256766
47,GO:0002262,1.111580173192111,1.4007712658629692,2.8476630539372927
48,GO:0050863,1.0633010842604007,1.3377363740111738,3.601168855876377
49,GO:0050729,1.3096752137285061,1.3836004747781412,3.766142465126799
50,GO:0031348,1.104825544691946,1.32772182888517,3.174561989878227
51,GO:0009615,1.22756944678855,1.4920314378558122,4.602524846896443
52,GO:0030217,1.0645628656149182,1.3595067754688204,3.7268042845670895
53,GO:0034101,1.1028476326752503,1.3604359245257,2.7288456694210685
54,GO:0045088,1.114837964223317,1.3447118451654205,3.8572903552918385
55,GO:0002429,1.1038493915191667,1.4046376096794828,3.1228364040155654
56,GO:0070661,1.0472978089717018,1.3465661316844,3.47531509686939
57,GO:0032102,1.100387804981573,1.3460752694814304,3.107906122332808
58,GO:0001818,1.1087646579307813,1.3090677147068983,3.6796030326439237
59,GO:0002768,1.1038493915191667,1.4046376096794828,3.1228364040155654
60,GO:0002833,1.118629374154195,1.3500353087640604,3.4698007517858676
61,GO:0051607,1.1435014128559782,1.3403695935608262,2.6847989527325753
62,GO:0140546,1.1435014128559782,1.3403695935608262,2.6847989527325753
63,GO:0002696,1.0885340279431535,1.374692505814639,3.7529093967527527
64,GO:0045089,1.1127100201093036,1.3444432996649875,3.466811578238962
65,GO:2001233,1.2716774539092965,1.3634278624482117,3.8122365648061125
66,GO:0045637,1.1154198389494978,1.377858122713327,3.9672264460777926
67,GO:1903039,1.0740897911856735,1.3664154330282625,3.4470384873685247
68,GO:0050867,1.0885340279431535,1.374692505814639,3.7529093967527527
69,GO:0006909,1.07362809794374,1.3583458438842404,3.6935040058064836
70,GO:0042098,1.0409583143651855,1.3072488349845868,3.2990815269626306
71,GO:0022409,1.0784135412916909,1.3666354881250924,3.402290241205214
72,GO:0002699,1.0874259186868107,1.3283348369010812,4.266871545177588
73,GO:0046651,1.040832711741028,1.358681931467758,3.5906317426989736
74,GO:0032943,1.040832711741028,1.358681931467758,3.5906317426989736
75,GO:0007162,1.1086250135161244,1.460503714067189,5.270593698345095
76,GO:0002832,1.0778549850919084,1.2605390313998093,2.6733666568432017
77,GO:0034341,1.0834263394838999,1.3264245597858324,3.190260383459716
78,GO:0050870,1.0771561876879814,1.3628963986321605,3.5402286702309596
79,GO:0097193,1.3339306281070273,1.41486812611019,3.88693613060526
80,GO:0002218,1.0969025666271661,1.3093839746185225,2.786397885485186
81,GO:0002449,1.0694693638166146,1.3844613648302377,4.060795689906236
82,GO:0002460,1.0743241805100905,1.4080745716275465,3.9868414994659367
83,GO:0042742,1.1969705278557001,1.5258534952340161,6.961169998758582
84,GO:0002274,1.0954468875564312,1.433620855152284,4.541353080898816
85,GO:0002221,1.1079513510749053,1.3304278755250973,2.854637138600981
86,GO:0016032,1.1092805277148647,1.3038727449622447,2.8031533767583223
87,GO:0002700,1.0523959467433655,1.41102547414869,3.835429317564973
88,GO:0050777,1.0612236694399617,1.3525101777291442,3.8821097391770234
89,GO:0030218,1.1119256783512526,1.3520763000503286,2.8520011884734524
90,GO:0051251,1.0745285258094885,1.381533231991875,3.6030209037267715
91,GO:0046631,1.0709787675929536,1.3790394518146172,3.7170435680726075
92,GO:0051402,1.1750387097440893,1.4686341882914662,5.092007595283621
93,GO:0002758,1.1079513510749053,1.3304278755250973,2.854637138600981
94,GO:0002573,1.0718372387222883,1.2705331716055257,3.615561687157199
95,GO:0045619,1.0738686197264122,1.3831307341856467,4.596318235616024
96,GO:0050921,1.1383638335694914,1.421066394651069,6.651632933565677
97,GO:0010631,1.3033711622909803,1.5970677719793596,6.89657197617512
98,GO:0090132,1.3033711622909803,1.5970677719793596,6.89657197617512
99,GO:0090130,1.3033711622909803,1.5970677719793596,6.89657197617512
100,GO:0006979,1.2203543197444602,1.5451788192357008,5.543950424143765
101,GO:0002440,1.0560313742504688,1.3810748806500457,3.6830642088407624
102,GO:0002526,1.3767952085408677,1.6160509776964633,19.228603500222977
103,GO:2001242,1.40805150839082,1.3963208674323928,4.413222859914957
104,GO:0071346,1.05933539225836,1.2873766943248515,3.045464494124352
105,GO:1901652,1.154302054410437,1.4375413147152676,3.887956516659308
106,GO:0050866,1.045190375579127,1.383123843529315,5.062475253572807
107,GO:0043254,1.0552648832414044,1.2544850018837141,2.4540769204792037
108,GO:0050851,1.067627295196704,1.3644139899978411,2.805462791243144
109,GO:0001667,1.2516492315723327,1.5487610712670012,6.362895661473097
110,GO:0002263,1.0803607006032516,1.3644654502905158,3.635169691502866
111,GO:0045580,1.068395716379313,1.4220116496398398,4.457929592748431
112,GO:1901342,1.0665028185034857,1.354163820088425,3.3560438714302325
113,GO:0002698,1.019019177703813,1.3895707714128125,3.807235401775794
114,GO:0071675,1.1113029431323511,1.508804284215514,5.521731647829174
115,GO:0030100,1.1246043982073346,1.3952107753960126,3.998908570753938
116,GO:1905517,1.056752054052765,1.3828078947882325,5.233991506243176
117,GO:0000302,1.2670850224238965,1.6525807423273984,6.702691474374778
118,GO:0032640,1.0701878076924052,1.3384809541525529,3.744921078286009
119,GO:0071706,1.0701878076924052,1.3384809541525529,3.744921078286009
120,GO:0019058,1.113998223509376,1.3191452623422462,2.845913495924287
121,GO:0030522,1.0852947952430614,1.2721237927355031,2.2521169913879153
122,GO:0002456,1.0579238397900201,1.3979592018310076,3.03624612634256
123,GO:0062207,1.1184665739512283,1.3120080028322074,2.8990499491502777
124,GO:0002366,1.079729482429283,1.359977168942314,3.6348860328175383
125,GO:0002695,1.0324562872579701,1.3848874249971181,5.179102818983312
126,GO:0045765,1.0690539057785247,1.3671046781457596,3.408825951127026
127,GO:0070663,1.0415822052474726,1.2828832885189851,3.2341753474481765
128,GO:0010959,1.1895116827423116,1.5427865326287877,6.77083087664171
129,GO:0042060,1.1355623663795333,1.2773009505597241,4.058409348106243
130,GO:0032680,1.070023874426339,1.3455293669579362,3.835924157106496
131,GO:0051047,1.2985623884535098,1.309381685563587,4.897565322072625
132,GO:1903555,1.070023874426339,1.3455293669579362,3.835924157106496
133,GO:0034599,1.237285826036732,1.6866737737499713,6.650067193285398
134,GO:1903034,1.1927568590805777,1.2460081412280473,4.053908003453015
135,GO:1903038,1.0642725321152797,1.3698491313485868,5.242172217766629
136,GO:0002367,1.0597788048819112,1.42628434311531,4.207148247374323
137,GO:0010632,1.2316257513219646,1.6159994587981854,6.842240615775548
138,GO:0002703,1.0736956432404219,1.3963817326924708,4.999097783537143
139,GO:0042129,1.0338116444580772,1.2542625445918474,3.1569154206800656
140,GO:0072593,1.2509704162848942,1.6510416482515724,6.570599211145001
141,GO:0070231,1.0993249607651667,1.4280086201421436,2.4726937133219553
142,GO:0043542,1.3665556761607884,1.682456698221908,8.11237591853725
143,GO:0031589,1.0608555731395386,1.2835357279874857,2.8223724065462994
144,GO:0050688,1.1039364173800068,1.2331812567948786,2.2472506141696664
145,GO:0010634,1.2556009703600954,1.7281294139885839,7.458668059384997
146,GO:0032970,1.1538720874723911,1.358400023385442,3.868943919607625
147,GO:0062197,1.2245292518434219,1.63901449708779,6.244024467435978
148,GO:1902107,1.0663338385756291,1.3968987350475015,4.127167340091829
149,GO:1903708,1.0663338385756291,1.3968987350475015,4.127167340091829
150,GO:0050764,1.184850822578676,1.4954976761544234,4.6806586644697825
151,GO:0048771,1.1509755605354726,1.3314077396665114,4.70444621334204
152,GO:0010001,1.256983879185199,1.3323878937766147,3.7500017362018316
153,GO:0002718,1.0582756862078302,1.4237392984554038,4.312882165614794
154,GO:0070227,1.0975694000626979,1.415896453420866,2.4723167707910343
155,GO:2001235,1.4916354341701705,1.4360513829007342,4.714014476384722
156,GO:0140747,1.112944719281297,1.2576215647461149,2.0950842901563083
157,GO:0022411,1.0742418032006367,1.2975503576048424,2.342547962862472
158,GO:0007249,1.3223137086344363,1.518865362350169,17.40006488712088
159,GO:0043523,1.2158857190043304,1.5554541358760934,5.883955311873914
160,GO:0030316,1.056364500554386,1.2467763067113118,2.9901061981321972
161,GO:1903036,1.2651513710733964,1.288628381344014,3.8265784914284375
162,GO:0045766,1.0594793476310005,1.4563322385997066,3.230017865206529
163,GO:1904018,1.0594793476310005,1.4563322385997066,3.230017865206529
164,GO:0050670,1.0322827988200542,1.265803443782039,3.2405374795886845
165,GO:0050868,1.0558988455235978,1.32429104962464,4.954941732086795
166,GO:0043491,1.0759470923211838,1.2779965133680293,4.990365150305524
167,GO:0071677,1.1209376118878143,1.4280994871661787,4.440912035345683
168,GO:0022408,1.0844530362876497,1.3418692060738349,5.483144237610391
169,GO:0032944,1.0322827988200542,1.265803443782039,3.2405374795886845
170,GO:0007160,1.0716692335907037,1.2803844373538047,2.879838063737693
171,GO:0050687,1.0786815116945208,1.24171430329944,2.3568748070959846
172,GO:0044403,1.0554225107862576,1.2878183139934432,2.680792402166328
173,GO:0001776,1.126745819764193,1.4797450058159491,4.202872874832622
174,GO:0050852,1.0339784248785715,1.2781994467851823,2.592256834999178
175,GO:0032956,1.08363366225186,1.338418284276974,3.859145634377453
176,GO:0051924,1.0893294025081668,1.366702850801583,4.5824596585641215
177,GO:0032963,1.1321253031426073,1.478542303862776,4.498816790445982
178,GO:0046634,1.0600923968492928,1.4141458609558288,4.193364261804403
179,GO:0019079,1.1809660689532167,1.4100921051150512,3.1983754130121422
180,GO:0002753,1.0928935079722486,1.2805753707062952,2.3882785037055303
181,GO:0050728,1.1431141495967747,1.366864854831949,3.7089654367073237
182,GO:2000628,1.126137537141756,1.2540338963825,2.0611203092784827
183,GO:0002690,1.1905202668482266,1.4843566197393228,8.028184036935198
184,GO:0051250,1.0600288280041867,1.3292992852488053,5.593109654473519
185,GO:0002761,1.0648547398417434,1.2416054997815589,2.865571080544939
186,GO:0033002,1.092763584148422,1.4397680869952216,3.5220697062381223
187,GO:0001909,1.0391328220628413,1.2573084825916694,4.328214796411004
188,GO:0039531,1.0673340368828408,1.2090574477928313,2.2468887491151452
189,GO:0051090,1.160253014425059,1.2461708640174185,2.72368372208585
190,GO:0051098,1.097413192146976,1.39901559219491,3.8477879773789523
191,GO:0071887,1.107028859302357,1.465892022935496,3.0994265730080817
192,GO:0035710,1.1020498983478226,1.4187178046201347,4.6730054681489825
193,GO:0051222,1.0529224460815922,1.1878351141587056,2.4107660987160857
194,GO:0031400,1.0517731592189297,1.3230812877684246,3.185569020869281
195,GO:1904375,1.1605215395148794,1.1905860967671154,2.7254092990483367
196,GO:0001666,1.184284029600397,1.3424489257461867,3.2356759415974117
197,GO:0043525,1.346697608791331,1.7310322014716566,8.174501268996838
198,GO:0045639,1.1242999205603357,1.4388751940227689,3.3042935400718147
199,GO:0048002,1.0587938850363003,1.265135225320946,2.5518868544008786
200,GO:0032635,1.1039339756820183,1.3470794456270232,3.558499654986586
201,GO:0010721,1.0651301713346353,1.2784860402765343,3.226236151042212
202,GO:0042113,1.0801131839523106,1.3260436272381493,3.2856024530892465
203,GO:0002861,1.117981454335695,1.26186441292862,2.6871106301967305
204,GO:0043467,1.1858721935491146,1.2847825709710932,2.161183316291907
205,GO:1903532,1.1051703954371417,1.2218929902022861,3.778091531979348
206,GO:0090303,1.2743871717203459,1.2764659751722305,3.9616000777150573
207,GO:1901522,1.1226423973561885,1.4616308695599975,2.032673074592602
208,GO:1904951,1.0529224460815922,1.1878351141587056,2.4107660987160857
209,GO:0002548,1.1207579407594581,1.6076677050791917,5.05654071282876
210,GO:0050856,0.9942683002570514,1.1387161479112307,2.857330494368405
211,GO:0039532,1.0432817398538117,1.1916739511948857,2.189466431929886
212,GO:1902106,1.035242796966692,1.3748150163249062,3.8264656182347485
213,GO:0002523,1.8892427097022766,1.4183765972272893,5.9908716970051845
214,GO:0050854,0.9861610232601602,1.175252960124225,2.9923080074626514
215,GO:0046635,1.0657017050709752,1.4409247565769063,4.533692825026419
216,GO:0002702,1.0763861379503714,1.393328764239498,4.223214434174485
217,GO:0045862,1.3340518966683106,1.3719705660711587,4.119962954168443
218,GO:0038061,1.1143421482653364,1.2739246105429218,2.1309436810858857
219,GO:0010586,1.126137537141756,1.2540338963825,2.0611203092784827
220,GO:0032602,1.1631958153031365,1.4004170462541918,3.7634556250053564
221,GO:0032675,1.1058279487696574,1.3568678931512432,3.666289856982261
222,GO:2001234,1.0729291177868594,1.3525149065343016,3.157072035465998
223,GO:0019882,1.0469512693666934,1.277188311249601,2.6072291986845633
224,GO:0048144,1.0870505078689792,1.3583390037261691,3.3336284198173667
225,GO:1903707,1.035242796966692,1.3748150163249062,3.8264656182347485
226,GO:0002822,1.1058943129464671,1.362787510601803,4.702329395812259
227,GO:0002532,1.1517194834300848,1.3086783805617406,2.813980409087439
228,GO:0031647,1.060588399454275,1.2113703115998227,2.23818000889241
229,GO:0032872,1.023475855800607,1.2549472636702155,2.519390001311004
230,GO:0045807,1.0866783472551689,1.360480894992751,3.5302189168004734
231,GO:0002752,1.1164590656205002,1.4508240251003324,3.497498711555481
232,GO:0061756,1.0983941248899334,1.453344815954385,4.652921261703936
233,GO:0031098,1.0449477418255113,1.2486397653441828,2.455571369367599
234,GO:0043029,1.0958538077904008,1.392739919496712,4.803508133089496
235,GO:0034612,1.1497753813331257,1.4346451918617051,3.9682150974199866
236,GO:0070302,1.023475855800607,1.2549472636702155,2.519390001311004
237,GO:0018108,1.1162891059968938,1.3656839932358247,5.0137089514571125
238,GO:0052547,1.2977045242516096,1.4207967423679073,4.554951052730671
239,GO:0036293,1.184284029600397,1.3424489257461867,3.2356759415974117
240,GO:0018212,1.1162891059968938,1.3656839932358247,5.0137089514571125
241,GO:0051896,1.0634335134568202,1.209100781245874,4.054940903513983
242,GO:2001244,1.6839060541444608,1.4730367382411012,5.2476566733100665
243,GO:0052548,1.3146972764628693,1.428597653223097,4.551703320149925
244,GO:0030183,1.1006551416858392,1.263006255156269,2.9627434986810486
245,GO:0045730,1.1900835357280783,1.2514725909708329,3.7758083066057164
246,GO:0050767,1.0824268126689363,1.3115125279946023,3.286316907268908
247,GO:1902893,1.1291105803342036,1.292323541135805,2.174310158686607
248,GO:0031346,1.339215230976675,1.524626050202249,6.732692076050326
249,GO:1902903,1.05993209190848,1.2685114287638637,3.0150833307571707
250,GO:0050714,1.077643226356287,1.1431082577724339,2.4967077809247398
251,GO:0043122,1.0696938999220615,1.2255620625880457,2.507452084313973
252,GO:0042593,1.1643369857743817,1.2505839690999672,3.0993399788191938
253,GO:0001913,1.0330983046673898,1.336559865713378,2.649276138100272
254,GO:0061614,1.1291105803342036,1.292323541135805,2.174310158686607
255,GO:0046632,1.1018771535166434,1.4158597535596766,4.531308567832943
256,GO:0002260,1.1013814900869843,1.418647932250545,4.391491531489172
257,GO:0006816,1.0842800017439733,1.357531545037459,4.241037520911037
258,GO:0002709,1.085490793119579,1.4006112030993423,3.200662091424983
259,GO:0032642,1.1450743352023809,1.4226354154286323,3.9242466518151278
260,GO:0033500,1.1643369857743817,1.2505839690999672,3.0993399788191938
261,GO:0042692,1.1159001050601325,1.3686470963735353,4.394245228874857
262,GO:0002819,1.1058943129464671,1.362787510601803,4.702329395812259
263,GO:0051403,1.0443258114012932,1.246982318298896,2.4723779054869666
264,GO:0051897,1.0669867001629494,1.244857854516755,4.511514738127669
265,GO:0045621,1.0691060389427622,1.4249819007232567,4.635473646114185
266,GO:0098781,1.112944719281297,1.2576215647461149,2.0950842901563083
267,GO:0010952,1.3986136570075367,1.4352589761246612,4.812833466878303
268,GO:0048660,1.0737184539882625,1.4732722359698442,3.6639518960497326
269,GO:0045123,1.1178397083394378,1.4474027589031548,4.914495670860546
270,GO:1903076,1.183105065658811,1.2114263006203336,2.91393993792068
271,GO:0090594,1.061901469259885,1.3336074217410787,3.7399540913165152
272,GO:2000377,1.325626653484547,1.7086335997569164,8.048574970754744
273,GO:0001894,1.012996931092984,1.2826368739108482,3.8199002741454264
274,GO:0060249,1.012996931092984,1.2826368739108482,3.8199002741454264
275,GO:0034614,1.3405357270234,1.7734511437103535,8.699919073002016
276,GO:0072659,1.1360174256710405,1.1957850189476158,2.67585412736811
277,GO:0009743,1.1077862246098886,1.2767748197979396,2.2827167511732456
278,GO:1901653,1.1727535202529675,1.4250048714343277,4.061680645227017
279,GO:0002220,1.1164590656205002,1.4508240251003324,3.497498711555481
280,GO:0009895,1.1464872118163252,1.3230651784662626,3.105361674418473
281,GO:1901222,1.0593159387056523,1.213025301866358,2.077523573826683
282,GO:0043534,1.0976617465398932,1.404363159411216,4.343504189735584
283,GO:0045582,1.0686291589691588,1.3979239337573768,4.686846724379387
284,GO:0010810,1.0321465884656695,1.255009871913452,2.629438248739771
285,GO:0001935,1.1601395300656756,1.4838580904614262,5.671060297422873
286,GO:0048659,1.0737184539882625,1.4732722359698442,3.6639518960497326
287,GO:0002520,1.043407890807369,1.1777414278191616,2.1266648490584905
288,GO:0070482,1.1753074576201663,1.322850941032474,3.1739629292258114
289,GO:0061041,1.2428856495224108,1.3125996737619043,4.2684211263551735
290,GO:0002706,1.102335014124762,1.3395732736414403,4.947795425513117
291,GO:0070228,1.1596254891723419,1.474405796091583,2.405560016695938
292,GO:0045646,1.1831203412265388,1.4765953225701358,3.4708891864062545
293,GO:0010594,1.2866028789541557,1.744378742719873,8.519011500229398
294,GO:0140895,1.1417443222074382,1.5209360160957437,3.498354993406315
295,GO:0010563,1.053057246718077,1.315000887656778,3.1431365633985173
296,GO:0045936,1.053057246718077,1.315000887656778,3.1431365633985173
297,GO:1902745,1.0796448202940963,1.1561260706702425,2.5941502398350833
298,GO:0034976,1.1793942967594235,1.3096375249659866,3.536049220623967
299,GO:0030307,1.0669589262748318,1.2506016554039872,3.538182716410723
300,GO:0050708,1.0858342142830668,1.1975378771271048,2.804852740561926
301,GO:2000116,1.384641745842474,1.4377871017372577,4.674258832935749
302,GO:0043281,1.4035362258990765,1.4214751945282555,4.624064512684492
303,GO:1905475,1.147563874979047,1.2184637899161543,2.8178630461437164
304,GO:0031333,1.0201691265606772,1.1807235309496218,1.976485476436393
305,GO:1990778,1.1324627737095903,1.1870831428522721,2.596298192707467
306,GO:0010595,1.3293235645117358,1.9514977443156714,9.556804344332834
307,GO:1904062,1.2426131993441512,1.6098631873556513,7.853743444176184
308,GO:1902175,1.1078452419431433,1.1968499835545146,3.1525282534706207
309,GO:1902895,1.1591373417289448,1.3722132213406908,2.39142913986432
310,GO:0050766,1.1214240516538871,1.4218946625628819,3.6160343376500945
311,GO:0071356,1.1320844943588066,1.4447578522742441,4.1660801892263715
312,GO:0051235,1.0810772055495081,1.2678322318285158,3.42342829994022
313,GO:0031334,1.0609724008996844,1.2705137465027085,2.53415423285925
314,GO:0043470,1.2359046063891552,1.305301767317527,1.9680708085905032
315,GO:0042542,1.3854326108747788,1.9291506938761025,10.52685767537959
316,GO:0097581,1.075783327814091,1.2304611939680987,3.1608926708894116
317,GO:0030282,1.087567752718304,1.485754410912905,6.185961628594437
318,GO:0008630,1.2500383311904562,1.5881473183169195,3.5309099406407647
319,GO:0021782,1.4529516894802017,1.3868117718475241,4.765115483035559
320,GO:0031032,1.1865791826910295,1.2195936524226836,3.35442893773365
321,GO:0042102,1.0682544086781869,1.3577128891735781,2.8510772446975654
322,GO:0031099,1.0971584043864564,1.6207338022893178,4.925879149952244
323,GO:0002275,1.0880691863841987,1.3633763332789055,4.74591784663846
324,GO:0045576,1.1108769785463855,1.5073116060269043,5.345881434787818
325,GO:0030336,1.0710341511025732,1.4741902901683044,4.148607540485549
326,GO:0045648,1.2243952268711717,1.5950748560435317,3.886309288916444
327,GO:0002886,1.0001230518592055,1.4351137837600698,4.094714230198402
328,GO:0007009,1.3397339159496173,1.1687364889663043,3.7923653455762896
329,GO:0006110,1.2359701337606368,1.3006809201921987,1.9751990771391068
330,GO:0034142,1.1466467423573363,1.4898958628731085,2.603549440498792
331,GO:0001558,1.124087971750659,1.3973318043692888,4.0627919603762885
332,GO:2000630,1.1591373417289448,1.3722132213406908,2.39142913986432
333,GO:0002285,1.0622175220264332,1.3790619790640593,2.951994263379619
334,GO:0043393,1.1112541867114836,1.4249936659113946,4.6679540514123286
335,GO:2000106,1.1670667607327505,1.53619077688853,3.2472694824932575
336,GO:0045216,1.0473149229888836,1.2131636170634397,2.618753140789874
337,GO:0043367,1.109492392945667,1.4763709927989375,5.1996587293994825
338,GO:0045638,1.0820117277487789,1.3038969383996237,3.0857126166130495
339,GO:0045927,1.066649995461561,1.2887892318832967,3.4591586884118506
340,GO:0070665,1.0783256148527374,1.3981446578329901,3.0893345765098212
341,GO:0010592,1.088464147919948,1.1650944208462004,2.609668555468439
342,GO:0007229,1.0508057205308707,1.2348415925840768,4.53470694969193
343,GO:2000146,1.0710341511025732,1.4741902901683044,4.148607540485549
344,GO:0043434,1.1643021377061684,1.4184745117191182,4.12244244228967
345,GO:0050769,1.0779814658535858,1.356320984966352,3.6376931913559276
346,GO:0002437,1.117981454335695,1.26186441292862,2.6871106301967305
347,GO:0002704,0.9654900090675498,1.404399792812425,4.0362064528431825
348,GO:2001185,0.9835852711415272,1.4131166711474474,2.897017576179134
349,GO:0009306,1.0844384364146085,1.203496801548472,2.8000738486790997
350,GO:1903409,1.4070375322631936,1.9600623047282228,11.892000654756513
351,GO:0035592,1.0844384364146085,1.203496801548472,2.8000738486790997
352,GO:0048145,1.0953808359026354,1.3550163039020724,2.9728438501427585
353,GO:0048534,1.051193364038321,1.1403682515622922,1.9877565999916742
354,GO:0002444,1.0018695861413778,1.4546529628084697,4.048261908805641
355,GO:0006096,1.2119253754097528,1.285745855741616,2.0397704895532143
356,GO:0009749,1.0990897254615581,1.2575362979796176,2.2756827202896077
357,GO:0007015,1.042582945521934,1.3145209597655492,3.207668187188884
358,GO:0016064,1.0942686913102713,1.4430701327623077,5.120745830901137
359,GO:0016236,1.0920730650487878,1.262333066469837,2.1148668459104076
360,GO:0034329,1.0534733411798773,1.2227769642601927,2.450674286518817
361,GO:0034504,1.0856249182225302,1.3100575115984618,2.207228939674211
362,GO:0009746,1.0990897254615581,1.2575362979796176,2.2756827202896077
363,GO:0071692,1.0844384364146085,1.203496801548472,2.8000738486790997
364,GO:0034284,1.0990897254615581,1.2575362979796176,2.2756827202896077
365,GO:0002639,1.0614915024293274,1.3995041678065188,2.869021532655247
366,GO:0019724,1.0942686913102713,1.4430701327623077,5.120745830901137
367,GO:0050671,1.063391739517,1.3684592775737556,3.0043289212670037
368,GO:1903900,1.182464846407074,1.4301107121494785,3.359761992031284
369,GO:0007178,1.1050089306498028,1.4677213942420455,5.006085129224105
370,GO:0060348,1.0362953148033975,1.3895866003050679,4.676805701222116
371,GO:0050830,1.1253906701310439,1.3881974364691836,5.548064000379896
372,GO:0031214,1.0991539753528805,1.43715847642741,5.833049179025378
373,GO:1904037,1.0525955745538065,1.508004812940071,3.528601057356689
374,GO:0002824,1.1391858515449298,1.3900899744270276,4.426709752858931
375,GO:0032946,1.063391739517,1.3684592775737556,3.0043289212670037
376,GO:0032535,1.0254650512421315,1.2919293963463265,2.711512594007805
377,GO:0030324,1.1045968355266516,1.465471483814932,5.94695691460475
378,GO:0032495,1.0625172579413293,1.4641569415665299,2.4778946321956954
379,GO:0035994,1.38472231890442,1.40825912003626,2.9034886868516936
380,GO:0050792,1.1593224451928794,1.400824434518911,3.396264148548014
381,GO:0097696,1.0826533200129327,1.5341052265489559,3.157150049057385
382,GO:1905521,1.052109372184123,1.4185082432175953,6.720525476952017
383,GO:0034765,1.21674956968695,1.567061940681551,7.435859985587142
384,GO:0048732,1.1110876338493305,1.445071193824231,3.305246419077918
385,GO:1901888,1.0583725287975463,1.2308297401063695,2.490964925709744
386,GO:0002711,1.1434530360750204,1.4026321792509369,2.6993119104778778
387,GO:0002705,1.149374083600789,1.3785479696867475,4.3081144599515016
388,GO:0072678,1.0835620296921489,1.5219360739570829,4.4540757729959894
389,GO:0051146,1.13954772989842,1.3634533429177518,3.4528410485269454
390,GO:0032479,1.1228551164027427,1.2648085412689376,2.4642575795352806
391,GO:0002708,1.1641192693347566,1.4049882125090076,4.5611474067660565
392,GO:0030323,1.1045968355266516,1.465471483814932,5.94695691460475
393,GO:0072676,1.1163462908514372,1.5850550324963015,5.424121590201788
394,GO:0032984,1.0102912048675412,1.2489312283716034,2.057396019915953
395,GO:0021537,1.0740278240389216,1.3217974141318893,3.883728896496777
396,GO:0002369,1.078445050995625,1.3921458354615415,3.6006311750927593
397,GO:0070232,1.160737274404725,1.4710326763803996,2.3542051232459915
398,GO:1903426,1.4527299322118061,2.059440500306904,13.01216713960506
399,GO:0009612,1.2141289738722343,1.3976695407227828,4.097325880066787
400,GO:1902743,1.0796448202940963,1.1561260706702425,2.5941502398350833
401,GO:0003158,1.2781740107451787,1.70189850496786,8.788659268549225
402,GO:0032606,1.1228551164027427,1.2648085412689376,2.4642575795352806
403,GO:0010038,1.0780920708019537,1.4139914289448365,3.4643979645533025
404,GO:0002821,1.1391858515449298,1.3900899744270276,4.426709752858931
405,GO:0045069,1.2289709696899445,1.44890813204487,3.5339356880728694
406,GO:0002637,1.0586186630113532,1.3877649000792336,2.803117840613628
407,GO:0051702,1.0595203859140856,1.2933165436468064,2.755057124387575
408,GO:0090025,1.0893026418393579,1.6081436283324124,4.393801111873609
409,GO:1904994,1.0392298858416769,1.4527726709746178,4.30702761633751
410,GO:0002474,1.02537625901458,1.3080494534473943,2.3552410334941642
411,GO:0002478,1.0139193556519366,1.2599250337395014,2.4491618277728353
412,GO:0046641,0.9939601239168782,1.3010133999839297,2.6328017009645066
413,GO:0032760,1.08621630186303,1.4396880722783205,4.037766972089275
414,GO:0010950,1.4506573452318057,1.4517979561311567,4.86684863039111
415,GO:0040013,1.0710341511025732,1.4741902901683044,4.148607540485549
416,GO:0051099,1.0778084701041155,1.2102831567999637,2.551354477670522
417,GO:0014013,1.0631431733085657,1.348880424108544,3.416096571593233
418,GO:1903557,1.08621630186303,1.4396880722783205,4.037766972089275
419,GO:0006879,1.3875264729157526,2.1896836250267575,11.974418677284003
420,GO:0030032,1.093593209254847,1.2524495634476116,3.323386266351556
421,GO:0046640,0.9831324788351163,1.3126012551544832,2.900799528681589
422,GO:0048678,1.1356445035221796,1.609086937823629,5.010173450557327
423,GO:0060055,1.100982626021753,1.369648280306471,2.982968920175004
424,GO:1901873,1.0706416911045964,1.2425438112801936,2.2990677196720677
425,GO:0014002,1.8491010144433424,1.5850585640937176,7.014134338529723
426,GO:0090559,1.2292522474351144,1.4336314140646933,4.632832003638332
427,GO:0014902,1.2006896433583727,1.397310949511331,4.0905307693325
428,GO:0002675,1.0207347938666227,1.2752829880160386,2.505257605131275
429,GO:0043300,0.9968988423528873,1.491119841567881,5.084409682899043
430,GO:0002790,1.3675668383938036,1.2863837793468451,4.4321062571181855
431,GO:0050730,1.1050914079130885,1.3121614959639636,4.629899930211705
432,GO:1903169,1.1075603721465235,1.3666012183052605,4.977616558973151
433,GO:0071456,1.168763145192283,1.2418785022673193,3.330890419873229
434,GO:0050679,1.1244377725502015,1.451240619243053,5.068788107996854
435,GO:0032677,1.0870406990688242,1.2889974049032105,2.3583506493533326
436,GO:1904377,1.0782852731508075,1.2065173698062268,2.4528718216793077
437,GO:0071496,1.0950328734657873,1.2729333478677485,2.4145354655158306
438,GO:0032637,1.0870406990688242,1.2889974049032105,2.3583506493533326
439,GO:0045685,1.0055798319134615,1.2457196551019751,2.8142247450442306
440,GO:0006091,1.1536380306019667,1.299096431715267,2.2728313690634034
441,GO:0007179,1.1041685960925591,1.4393550004524749,5.372608939066579
442,GO:0051091,1.148536300649475,1.134674518243894,2.74165440522592
443,GO:0042743,1.0642580179675014,1.4069125793455002,3.938456935020247
444,GO:0061383,1.142194504309388,1.476512534396233,4.212850985202425
445,GO:0002673,1.0199424058592446,1.2727851009726316,2.5128910490218903
446,GO:0034143,1.1221969118309796,1.3343392934089666,2.4847328737264918
447,GO:1902176,1.096980988164811,1.2253418553272402,3.189270442191585
448,GO:0008631,1.1078452419431433,1.1968499835545146,3.1525282534706207
449,GO:0036037,0.9835852711415272,1.4131166711474474,2.897017576179134
450,GO:0010591,1.088464147919948,1.1650944208462004,2.609668555468439
451,GO:0001936,1.1836169228652758,1.4517171351483478,6.382170192244028
452,GO:0043524,1.2400310919608277,1.7893204447312296,8.226991342694605
453,GO:0002377,1.06873219087627,1.3501261244271276,2.9000207529147923
454,GO:0014009,1.063233072759013,1.2346630835141759,2.6842327642341353
455,GO:0046633,0.9831324788351163,1.3126012551544832,2.900799528681589
456,GO:0097191,1.2834557473898023,1.7458166007961573,7.859566109710108
457,GO:0019884,1.0139193556519366,1.2599250337395014,2.4491618277728353
458,GO:0033003,1.1439399677902222,1.517028910890737,6.223490338360633
459,GO:0007517,1.1576866130322558,1.3366320473415796,4.7490450193454805
460,GO:0015833,1.3675668383938036,1.2863837793468451,4.4321062571181855
461,GO:0002504,1.0256729437338756,1.092723256102952,2.3945512813072463
462,GO:0050857,1.0237474205322268,1.3397210986161214,2.6075504436773076
463,GO:1904996,1.0042814088324155,1.3255971885278968,2.9405199513497986
464,GO:0002793,1.527147027973254,1.293910400728049,4.705290807085675
465,GO:0010507,1.1781631924323068,1.3786450362833629,2.1665165878276165
466,GO:0002863,1.0793061736439837,1.3121617367316674,2.6247141935582596
467,GO:0060541,1.1045968355266516,1.465471483814932,5.94695691460475
468,GO:1902905,1.0510329513049377,1.2155632130130412,2.9881112286379006
469,GO:0033674,1.0825610876140923,1.248005957733133,3.747604298533891
470,GO:0009991,1.070464866723063,1.3132796084123257,2.513308872969952
471,GO:0050878,1.2130860853057106,1.2504273029166155,4.607464084815714
472,GO:0043277,1.0405856717754518,1.3084085603667062,2.8696634765089217
473,GO:0030900,1.060736700428894,1.279356860928671,3.56015762801058
474,GO:0002286,1.0558325110314488,1.3976350829072324,3.2344805581722436
475,GO:0071695,1.066139774175734,1.2361307378670605,2.6948076124125713
476,GO:0110053,1.0493620309405685,1.3112427011926884,3.102420010800753
477,GO:1903320,1.0601394155306036,1.2323312019108268,2.3197006353511225
478,GO:0031667,1.045970130819881,1.2937123079589012,2.4778513919677847
479,GO:0051962,1.0779814658535858,1.356320984966352,3.6376931913559276
480,GO:0032480,1.1818879757532892,1.2393511562107224,2.480490125870158
481,GO:0003015,1.2061410582824443,1.2817537212108336,2.874385412671858
482,GO:0001914,1.0640396736781628,1.4219365285740864,2.713228367344251
483,GO:0010712,1.1411120689858432,1.376834149215679,4.609624391291609
484,GO:0071453,1.155095598925908,1.2175960630343707,3.220100859397577
485,GO:0048147,1.1730547359417756,1.356820361412434,2.4871677954931903
486,GO:0051893,1.0571679945922974,1.2535258611402533,2.6180726026213765
487,GO:0090109,1.0571679945922974,1.2535258611402533,2.6180726026213765
488,GO:0008361,1.0596154893357432,1.2177766516076869,2.9113017386132225
489,GO:0006090,1.2119253754097528,1.285745855741616,2.0397704895532143
490,GO:0002691,1.0528758855774252,1.4548162334270758,5.101298101829996
491,GO:0010830,1.2393432285760415,1.3129601306548009,3.3357012087475626
492,GO:0045860,1.0714297517059026,1.2496097835029623,3.1107974977427437
493,GO:2001243,1.1262062456761126,1.357009361271686,3.7422876754569296
494,GO:0140694,1.132464998313168,1.2057033693962933,2.6465221737509816
495,GO:0051495,1.0510329513049377,1.2155632130130412,2.9881112286379006
496,GO:0035264,1.0338133947013204,1.2336492369713308,2.7768040723576304
497,GO:0016052,1.2138744991294252,1.2908411503836046,2.0284493147282023
498,GO:0003007,1.080772884371245,1.3027073052443028,2.7796966641596956
499,GO:0042116,1.1381140387729605,1.5562258056319356,3.3514207014197313
500,GO:0032873,1.0085091241105917,1.3040868172997064,2.360053156110004
501,GO:0048246,1.0462596754482865,1.412944839311334,6.907656350423328
502,GO:0140962,1.1047806399510263,1.5163431471400781,3.323693677681417
503,GO:0042267,1.03486321861235,1.2194783697487983,5.406366186264803
504,GO:0110020,1.1484989268218917,1.2546273280196911,3.603511297996537
505,GO:0070059,1.1216875538034983,1.3678941483592797,2.4344048704783257
506,GO:0070303,1.0085091241105917,1.3040868172997064,2.360053156110004
507,GO:0033627,1.1225600757496497,1.1717854007826485,4.245114814891453
508,GO:0032720,1.1221114609918414,1.219719301184707,3.883295704504835
509,GO:0062208,1.1548631465650185,1.4644269074756344,3.738016801053342
510,GO:0050821,1.0702725773084982,1.1466226218094016,2.069750298327718
511,GO:0071322,1.1424005023456594,1.2681373551645025,2.3205105507601744
512,GO:2001236,1.098848955565958,1.333891923122895,2.750287333957657
513,GO:2000564,0.9443048588166866,1.3762258346960436,2.671552952144842
514,GO:0014706,1.1609560739428397,1.320065578586521,5.0079255866297165
515,GO:0002228,1.03486321861235,1.2194783697487983,5.406366186264803
516,GO:0150116,1.0571679945922974,1.2535258611402533,2.6180726026213765
517,GO:1903556,1.1221114609918414,1.219719301184707,3.883295704504835
518,GO:0070372,1.0841030978910962,1.473184723657805,4.98345875504409
519,GO:0071900,1.0686213989268616,1.2754855985150395,3.1209492129110656
520,GO:0007163,1.0526348911824075,1.302846581651885,2.763132569299281
521,GO:0099024,1.1109223516814057,1.361073936438273,2.7640861379211907
522,GO:0002791,1.4186645702205012,1.287790479996933,4.522206663158899
523,GO:0036294,1.168763145192283,1.2418785022673193,3.330890419873229
524,GO:0001933,1.0478227116266703,1.3719010855160996,3.3711438801169034
525,GO:0045670,1.0716912803988479,1.2436031383340511,3.0020141711870556
526,GO:0048708,1.6534340427888445,1.4663370205560606,5.817105781301531
527,GO:0009410,1.2766996473709409,1.8298873116108658,7.566556149727257
528,GO:0043010,1.1064896571961078,1.392133893491116,3.122481715927692
529,GO:0008347,1.003124262885182,1.2768561133149638,3.900161054289509
530,GO:0090087,1.4186645702205012,1.287790479996933,4.522206663158899
531,GO:0001912,1.1056296805974033,1.4323222305408312,5.066024527723644
532,GO:0030219,1.0613369697374013,1.1866237191205407,7.356680633151945
533,GO:0010976,1.353556249759389,1.236618294509826,3.810896164354799
534,GO:0007259,1.0861237281095373,1.506636545336367,3.112760069009994
535,GO:0010876,1.1646557194928193,1.3522677070342812,3.209222132072448
536,GO:0035740,0.9443048588166866,1.3762258346960436,2.671552952144842
537,GO:2001187,0.965101760914569,1.4195760065193994,2.707334056037446
538,GO:0062014,1.2232870777320939,1.220745263021199,2.055397991195833
539,GO:0042445,1.1126715343110516,1.420316603426905,3.2473273126165947
540,GO:0043270,1.2823059754282553,1.678543413326906,9.646192377708136
541,GO:1901224,1.0920270237038865,1.1814514789518547,2.108597468669857
542,GO:0021700,1.062140135081713,1.2286071900084377,2.6630878505897893
543,GO:0061515,1.0447445089079053,1.3938354787092977,4.383353103783604
544,GO:0048709,0.9473720466098694,1.1587932536073855,2.2722891336704705
545,GO:0051651,1.045071604215276,1.2397092513925878,3.545718812985387
546,GO:0001654,1.0991327581059283,1.3835980413066284,3.083291067107209
547,GO:0007044,1.0313410792672677,1.2472256228216307,2.585101409889697
548,GO:0150063,1.0991327581059283,1.3835980413066284,3.083291067107209
549,GO:0051492,1.143855805452615,1.2851362432720628,3.8201828772462654
550,GO:0071560,1.1041685960925591,1.4393550004524749,5.372608939066579
551,GO:0007040,0.9736003786557466,1.1323715416162716,1.7998621887946067
552,GO:0080171,0.9736003786557466,1.1323715416162716,1.7998621887946067
553,GO:0050853,1.1281705548422096,1.3918624117247353,4.411713326780874
554,GO:0042886,1.3484160187105456,1.2862939502745807,4.362155890483816
555,GO:0048880,1.0991327581059283,1.3835980413066284,3.083291067107209
556,GO:0071559,1.1041685960925591,1.4393550004524749,5.372608939066579
557,GO:0030072,1.061548071736084,1.2273012132747718,3.100111894025002
558,GO:0001952,1.0475183879570245,1.2240203558968783,2.4956927234938413
559,GO:0050731,1.152459852997993,1.2789311110705217,4.646135897929621
560,GO:0071248,1.022398475985985,1.4865497149019886,3.7425433117410414
561,GO:0001916,1.0701463798081408,1.3871553001619492,2.349479737854306
562,GO:0045071,1.310665945942434,1.6296721540553583,4.188713768655462
563,GO:0010324,1.1109223516814057,1.361073936438273,2.7640861379211907
564,GO:0001910,1.0971959856144946,1.4556305202326527,5.0853689523286665
565,GO:0045824,1.0708790318014938,1.311254635358393,3.3010845989895437
566,GO:0002724,1.0804082967903004,1.3735553730405519,3.6980382526802393
567,GO:0050901,1.0677165046443144,1.4679399051563014,5.951879786129624
568,GO:0046879,1.0899862856044853,1.2551658455211774,3.246936401039412
569,GO:0071333,1.1190937246849957,1.282370001362506,2.3793594847857973
570,GO:1905897,1.1844516442276567,1.3941469350442528,2.5439184675727358
571,GO:0042552,1.0126503245280436,1.2450725963059799,2.9498007561639388
572,GO:2000514,1.0907765081500456,1.4456260031067307,6.257424805610961
573,GO:0032757,1.1322472732332345,1.2942859693420665,2.6909967019089507
574,GO:0051348,1.040620464173613,1.2145226733084995,3.360488571165798
575,GO:0045577,1.1157676219423915,1.3675259284848202,4.433207656628928
576,GO:0071331,1.1190937246849957,1.282370001362506,2.3793594847857973
577,GO:0048525,1.237394843004963,1.5493367576410735,3.718413137794271
578,GO:0150115,1.0313410792672677,1.2472256228216307,2.585101409889697
579,GO:0071326,1.1190937246849957,1.282370001362506,2.3793594847857973
580,GO:0051279,1.0577943422221212,1.1513732099987404,4.384509900616444
581,GO:0031343,1.1056296805974033,1.4323222305408312,5.066024527723644
582,GO:0031663,1.190486317022055,1.430617050766971,2.5539357023881046
583,GO:0048713,0.952439004152372,1.1979867315097152,2.5279560678459627
584,GO:0042326,1.0478227116266703,1.3719010855160996,3.3711438801169034
585,GO:0007272,1.0126503245280436,1.2450725963059799,2.9498007561639388
586,GO:0008366,1.0126503245280436,1.2450725963059799,2.9498007561639388
587,GO:0044843,1.0954199738042374,1.1933916060674268,3.7044505391700144
588,GO:1904019,1.1228121346015862,1.4850374682846423,3.2829897950680675
589,GO:0009914,1.0899862856044853,1.2551658455211774,3.246936401039412
590,GO:0001787,0.9354389406731439,1.247175792896623,2.0190602699801103
591,GO:0002428,1.0437964973188292,1.3602432180091995,2.4061453042428864
592,GO:0030574,1.07950487673843,1.4720085362143571,5.015127851950662
593,GO:0033006,1.0277433711842312,1.4073482016313041,6.714667206753432
594,GO:0033209,1.1638944701759688,1.54428747510014,3.66068655887766
595,GO:0051851,1.0595679661579231,1.3255759523177655,2.844020548711562
596,GO:0031330,1.1543879991000345,1.3266309380108616,2.1920601656740684
597,GO:0008154,0.9818806610162493,1.3104755388952,2.427102672791845
598,GO:0030101,0.9795713292296091,1.2303862889358934,3.381115247232509
599,GO:0006911,1.1187480462842587,1.3728739541924055,2.851376483450077
600,GO:0009636,1.4991250547479713,1.9416257942181256,10.337927765729214
601,GO:0150076,1.1242584589010123,1.4295607632242548,3.1988035511882256
602,GO:0009144,1.152873488278974,1.2927890254155108,2.391523099180603
603,GO:0050680,1.2196936167335766,1.2807528426251453,3.386068898900309
604,GO:0071622,1.3122802709202328,1.4161536463770616,9.80088797924851
605,GO:0019885,1.0437964973188292,1.3602432180091995,2.4061453042428864
606,GO:0043620,1.0861134853472911,1.6177618142554089,2.4255940748135862
607,GO:0071604,1.1191903346989087,1.2476237702486752,3.3869241495610827
608,GO:0000082,1.102746353295212,1.169178473705224,3.6050543716700383
609,GO:0030041,0.9779570626360844,1.3182624970891728,2.493568217553326
610,GO:0034103,1.2531604597487305,1.3544731356144541,6.824245460854642
611,GO:0072332,1.2040468643692985,1.3830621347693417,2.3661726317263847
612,GO:0010811,1.0053836154235383,1.1883292957729625,2.3653787034025147
613,GO:0002720,1.1036507192207259,1.3879515189625513,5.238752860368489
614,GO:0006986,1.1833719478588651,1.3054372803223828,5.090341846252239
615,GO:0032755,1.1407783422029778,1.4523398376465115,3.45227637432116
616,GO:0031102,1.1327687428931346,1.647418491604601,5.321178679332978
617,GO:0045912,1.2540716226032598,1.2895174783176888,1.9092345166955946
618,GO:1903078,1.0741877594730358,1.2269232938145131,2.62671552604566
619,GO:2000403,1.1176441149176306,1.5695045283758677,6.938018400389965
620,GO:0048041,1.0571679945922974,1.2535258611402533,2.6180726026213765
621,GO:0046777,1.0836247601031705,1.3861714501849145,4.061867094273912
622,GO:0002762,1.0553898314003185,1.2157099873552084,3.12182794173168
623,GO:0043457,1.2100105037627407,1.325414031405556,2.41710120388156
624,GO:0060047,1.231634082946488,1.303719925888198,3.008341037401238
625,GO:0002475,1.0437964973188292,1.3602432180091995,2.4061453042428864
626,GO:0002483,1.0437964973188292,1.3602432180091995,2.4061453042428864
627,GO:0006953,1.988430136438535,2.302931206134437,55.05843121723231
628,GO:0001764,1.0603187389519941,1.3688016708871598,3.690342663784394
629,GO:0032271,0.9623075305665952,1.2485359853146174,2.234723133754295
630,GO:0051017,1.093022027459526,1.293298257037335,3.4057366777941738
631,GO:0032231,1.143855805452615,1.2851362432720628,3.8201828772462654
632,GO:0048661,1.0901003735119592,1.6329985179665774,4.642832602286692
633,GO:0008360,1.1004657514710958,1.5303478979666543,5.904466931431569
634,GO:0002707,1.0095143357217997,1.287731939413037,4.002471343970562
635,GO:0022604,1.0935485427342857,1.362584031932512,4.900785439564998
636,GO:0009314,1.1143333966056628,1.315436050445049,3.3569110605800727
637,GO:0001959,1.1419464493433373,1.3063444063050342,3.266571977462651
638,GO:0002181,0.9871914643561901,0.9913498835609117,2.0484645075017083
639,GO:0009394,1.2107215899055512,1.2128780873491414,2.306348909739471
640,GO:0019692,1.2107215899055512,1.2128780873491414,2.306348909739471
641,GO:0050918,1.8530774668464236,2.396980784318137,57.320960916904944
642,GO:2000516,1.1334026944996893,1.5088115531007726,7.298488517358471
643,GO:0002064,1.056905778971925,1.2992889396088823,2.505562234496819
644,GO:0003170,1.085771092794946,1.32417518626699,2.5473500465424985
645,GO:2000401,1.1125123462186184,1.5528319646241897,6.464174525629318
646,GO:0009408,1.0333737238051235,1.3621890220954,2.7678654557696043
647,GO:0048738,1.1820548506746913,1.2675459600108037,3.336623252244938
648,GO:0030038,1.143855805452615,1.2851362432720628,3.8201828772462654
649,GO:0043149,1.143855805452615,1.2851362432720628,3.8201828772462654
650,GO:0001678,1.1190937246849957,1.282370001362506,2.3793594847857973
651,GO:0061572,1.093022027459526,1.293298257037335,3.4057366777941738
652,GO:2001056,1.5667915117843154,1.4866371316937967,5.385812101010295
653,GO:1903321,1.1072245285358029,1.273153011884137,2.7862404642806995
654,GO:0051258,0.9716712873178979,1.2688378386903048,2.4736490573042738
655,GO:0051054,1.0674279219482432,1.185102725786415,2.625056790747711
656,GO:0008637,1.1159980539305332,1.317659292830204,2.332570228567296
657,GO:0021987,1.0003691051151202,1.2293035660259541,2.794662576695141
658,GO:0014015,1.0611338101293746,1.4128951720088536,3.8114000051909076
659,GO:0032273,0.9941997720671842,1.1912623808691976,2.517817710608173
660,GO:0021543,1.0098148119282302,1.2597014328712217,2.867407023992061
661,GO:0002686,1.0927145102483704,1.7152423951559346,4.854821068066636
662,GO:0009262,1.2107215899055512,1.2128780873491414,2.306348909739471
663,GO:0019883,1.0437964973188292,1.3602432180091995,2.4061453042428864
664,GO:0031341,1.0971959856144946,1.4556305202326527,5.0853689523286665
665,GO:0090277,1.0694330392367926,1.200883619288972,2.628736736130077
666,GO:0032663,1.067669406116771,1.4575340389842846,2.7255782103922948
667,GO:0070098,1.1398964659133708,1.6951195966961414,7.970047211612719
668,GO:0009141,1.152873488278974,1.2927890254155108,2.391523099180603
669,GO:0045787,1.1537394965976009,1.2462761644238165,2.986779840992794
670,GO:0006869,1.1964544400585406,1.4081667529241078,3.3700376980749187
671,GO:0043299,0.9968988423528873,1.491119841567881,5.084409682899043
672,GO:0060840,1.0367760349425603,1.4409992294161198,6.768009374644746
673,GO:0042417,1.1270144742679844,1.210357627910413,2.3346088669609406
674,GO:0006801,1.092114203084496,1.3762122109647066,3.8312615532573444
675,GO:0060395,1.1466171255404674,1.4137939890070585,3.724053389653694
676,GO:0043409,1.0329308691904215,1.2584330482384631,3.2796239377033767
677,GO:0072331,1.1697025098299962,1.3249935756851312,2.2318024333078705
678,GO:0002534,1.1448114182356688,1.246597768494566,2.513337238182253
679,GO:0050994,1.11915871845265,1.4666234073614461,8.855404523169447
680,GO:0002701,1.0101967660576834,1.496804774688302,3.235605175506885
681,GO:0060560,1.0800879312412808,1.3771383568618767,4.752138145171831
682,GO:0007033,1.0512790943411419,1.161034458386016,1.848168677028352
683,GO:0060041,1.063202731668597,1.2645759809762362,2.6367473560164543
684,GO:0044772,1.0609291754844934,1.1633599863042152,3.031035450000177
685,GO:0060759,1.1419464493433373,1.3063444063050342,3.266571977462651
686,GO:0045214,1.2884012762413155,1.1229002557443424,2.956734710835125
687,GO:1901874,1.1072245285358029,1.273153011884137,2.7862404642806995
688,GO:0030239,1.2442014255875207,1.1469575015089684,2.772322161097975
689,GO:0048662,1.052982021673649,1.4879217797148707,2.605474699474602
690,GO:0009205,1.157600224886326,1.3214125588470431,2.3164312833781473
691,GO:1902041,1.033156778582515,1.3698358947946279,2.6092894730756115
692,GO:2000404,1.0539330137977225,1.3935434769107682,4.591591604698441
693,GO:0046883,1.0855679068733195,1.2503289594061315,3.1000028358643714
694,GO:0032091,1.1709018619957892,1.4964730360140024,3.3980150650585106
695,GO:0051701,1.0509148481456472,1.281770261374744,2.5991012077229563
696,GO:1902806,1.1275233176440969,1.1607089369845809,4.046251310431128
697,GO:0043280,1.6206205614340354,1.463065966650742,5.375639228127454
698,GO:1904035,1.134890558806254,1.5077277633742818,3.4269947925150333
699,GO:0035904,1.0365637521671192,1.4760380961854065,7.8952777581285485
700,GO:0046637,1.0986816650662627,1.5059519813089666,6.201502209642841
701,GO:2001237,1.0455944511811743,1.342836146124703,2.658334299704404
702,GO:0016485,1.0002610623424903,1.5353252912466422,4.003614313937062
703,GO:0071214,1.1070202704562613,1.2136955453275065,2.7795443061600618
704,GO:0104004,1.1070202704562613,1.2136955453275065,2.7795443061600618
705,GO:0046887,1.0645877659937546,1.1933317083712012,2.622773763040124
706,GO:0090276,1.049887277692031,1.2152898910851635,2.896690586435091
707,GO:0033157,1.028352933181283,1.254852382321899,2.300840621476537
708,GO:0055002,1.2442014255875207,1.1469575015089684,2.772322161097975
709,GO:0098773,1.0958701204465158,1.2751185338645599,2.798174898852154
710,GO:0001659,1.3447450583637852,1.9092271053838916,11.995951001568356
711,GO:0002455,1.0980502641010053,1.3094159455829464,8.38489503373084
712,GO:0031103,1.146464319896024,1.7570330329110098,6.01213816429042
713,GO:0001938,1.1782112331807557,1.5583175899259023,7.36861522679915
714,GO:0045444,1.0974827099849809,1.2381020894482009,4.7679598363888545
715,GO:0032623,1.067669406116771,1.4575340389842846,2.7255782103922948
716,GO:0035051,1.284139158943057,1.2702583137576557,3.1566669214569987
717,GO:0009266,1.0374381767746588,1.4133440567739675,3.851978943568612
718,GO:1902414,1.0981932659692042,1.1943021427220137,2.589048219847855
719,GO:0031668,1.0904419461190893,1.2827365536660755,2.1360477556494315
720,GO:0045185,1.117305751320456,1.3841372153382459,2.860362412103499
721,GO:0046638,1.1102478459071057,1.5724715432387446,7.031138379530212
722,GO:0007043,1.0742331056693142,1.2736634221406815,2.6483354005560544
723,GO:0009199,1.157600224886326,1.3214125588470431,2.3164312833781473
724,GO:0010977,1.0552570700795507,1.2149499792329232,2.5652333595967525
725,GO:0062012,1.19286271878693,1.2455124993002362,2.169015866201663
726,GO:0008064,0.9726860276543565,1.2944408548853539,2.1310822876293853
727,GO:1900180,1.0349132386571767,1.2718307023415918,2.3777098761821955
728,GO:2000045,1.14025794536635,1.1259635980054328,3.9512163698072698
729,GO:0055074,1.1281669060585093,1.130706018192762,3.746598433758371
730,GO:0055001,1.1741308551750465,1.2723104482369394,4.958064634403834
731,GO:0002823,1.046373641402683,1.3068631261375603,4.83034274337412
732,GO:0032965,1.2047806615489691,1.3874486783721167,4.7881939481415765
733,GO:0035966,1.1833719478588651,1.3054372803223828,5.090341846252239
734,GO:0070588,1.1002203733012237,1.3671988092719851,4.731170163026371
735,GO:0043627,1.1136922639585973,1.3701362649845148,3.469589944213882
736,GO:0051100,1.1288387318255217,1.5962786834307814,3.2898866736967145
737,GO:0003205,1.0971338703224418,1.3249709801533458,2.8738602152593833
738,GO:0031669,1.0512821428967885,1.247579131681514,2.0455135275357748
739,GO:0006469,1.022959067127397,1.2234118656306694,3.6821513722575814
740,GO:0046849,1.061869688950568,1.2767424797726261,4.214896679028884
741,GO:0043154,1.1244277944969858,1.3680013446564883,3.657754164257825
742,GO:0045453,1.0848509169521214,1.3094344398634468,4.646004447473453
743,GO:1902622,1.3759979263159623,1.3046006203587488,6.611446567078826
744,GO:0030832,0.9726860276543565,1.2944408548853539,2.1310822876293853
745,GO:0019216,1.1411776794762707,1.3919188022973719,6.169523252222185
746,GO:0060562,1.3081315599588361,1.887689707407931,9.045023106291604
747,GO:0051153,1.2332112023972093,1.271346000666494,3.12542194324774
748,GO:0006913,1.1015460993334991,1.3541057381250954,2.2958649999471277
749,GO:0051169,1.1015460993334991,1.3541057381250954,2.2958649999471277
750,GO:0031648,1.0626376271913374,1.2890741400698122,2.292832228311755
751,GO:0016525,1.098489374155598,1.2384097700609664,3.913709453233623
752,GO:0017015,1.106783475275246,1.5216778650571645,6.407664345292345
753,GO:0008625,1.0371541824660402,1.4194072678916707,2.655695076158807
754,GO:0034332,1.0440243944856213,1.0912665988928867,2.1253890866277585
755,GO:0051496,1.1352274050041924,1.1869243525271826,3.5075545848427168
756,GO:0061900,1.0328526623283931,1.441049618662041,3.3122057407764753
757,GO:0002292,1.033714734559689,1.4388592640090394,3.2877710983750186
758,GO:0006109,1.2507110109549557,1.2876905381965214,1.9412618511257593
759,GO:0034767,1.3458360404537808,1.7994718584683544,11.377623436729964
760,GO:2000181,1.098489374155598,1.2384097700609664,3.913709453233623
761,GO:1903844,1.106783475275246,1.5216778650571645,6.407664345292345
762,GO:0030198,1.0939830719202857,1.4817295526105454,6.327088340396537
763,GO:0048638,1.077103963597431,1.2774313019167385,3.3735892713387847
764,GO:0140888,1.1542212776610474,1.3833044169414275,3.2690748991941883
765,GO:1901343,1.098489374155598,1.2384097700609664,3.913709453233623
766,GO:0006874,1.1347100943095856,1.129324151495169,3.8790995357673195
767,GO:0045229,1.0939830719202857,1.4817295526105454,6.327088340396537
768,GO:0090287,1.0635259033798221,1.4573366215458532,5.096817379992316
769,GO:0030278,1.1529480670034489,1.5376991061565874,3.6445459013687267
770,GO:0043062,1.0939830719202857,1.4817295526105454,6.327088340396537
771,GO:1990138,1.0315288271547438,1.1860387447796619,3.4318285503387456
772,GO:1905477,1.076336876271035,1.22546528198471,2.7035343564560366
773,GO:0002820,1.046373641402683,1.3068631261375603,4.83034274337412
774,GO:0031396,1.0467863469756915,1.222480622297458,2.4799362024321083
775,GO:1902904,1.0554383871624466,1.363512353023177,2.960207732775271
776,GO:0032722,1.146946504795927,1.4455777121487579,3.689633708624652
777,GO:2000379,1.5152569493929684,2.153749876460186,14.719543506154723
778,GO:0044706,1.040345969810187,1.2988201793162175,2.9332961884947935
779,GO:0010812,1.0699727231306906,1.406446984452452,3.265932104208922
780,GO:0045954,1.0845163381860206,1.4505851650017665,6.462318404549433
781,GO:0032024,1.060745535611081,1.2053609294761731,2.7838228042233046
782,GO:0030833,0.9668688925939447,1.3021766166768933,2.1794267995420324
783,GO:1904892,1.087373736015453,1.4763962422950352,2.8608471065846532
784,GO:0060415,1.0700733465422765,1.4844937244743996,4.400668889730615
785,GO:0006606,1.1147755334624048,1.4508928706094482,2.403573784192377
786,GO:0007565,1.0284953704317856,1.280831155479928,2.9249056815272945
787,GO:0055017,1.1385575788798357,1.2575133901321263,3.3831286534668275
788,GO:0048588,1.0204201718993555,1.1404507710394225,3.125483315242065
789,GO:0030500,1.1335603009766697,1.4938536523069115,3.7903792301532704
790,GO:0007589,1.1328571257164013,1.415147268680304,3.9658916324317786
791,GO:0010821,1.1249451919202877,1.2408802406958097,2.3724153063420617
792,GO:0090316,1.0227529014819197,1.2262260516158192,2.1024500749907125
793,GO:0002717,1.0845163381860206,1.4505851650017665,6.462318404549433
794,GO:0006749,1.0361872810900947,1.2585956344237625,2.880701901375783
795,GO:0006956,1.1678370320755154,1.6852298804281405,6.96969760519018
796,GO:0031641,0.9714070646521233,1.3028603266138032,3.440470908349871
797,GO:2000117,1.1244277944969858,1.3680013446564883,3.657754164257825
798,GO:0120034,1.0679943834889714,1.2364437675386568,2.4751810910336984
799,GO:0051961,1.0944406274443048,1.1065523755901956,2.146515443540724
800,GO:0051928,1.108287046239486,1.3216106890347983,5.691447546832223
801,GO:0071241,1.022398475985985,1.4865497149019886,3.7425433117410414
802,GO:0001942,1.1352840404898037,1.2739600604659194,2.9955870664989814
803,GO:0019731,1.02247943030269,1.3031459665267981,3.221496862980693
804,GO:0045446,1.0156953668770465,1.0973253391586522,2.220011297272592
805,GO:0031345,1.0505701786552195,1.2212888017548231,2.614125717002972
806,GO:0006584,1.1270144742679844,1.210357627910413,2.3346088669609406
807,GO:0009712,1.1270144742679844,1.210357627910413,2.3346088669609406
808,GO:0051170,1.1147755334624048,1.4508928706094482,2.403573784192377
809,GO:0071375,1.2031017784830498,1.42658990451302,4.624080863921226
810,GO:0050796,1.0400153184106478,1.2211654388206172,3.058199336012895
811,GO:0010506,1.165357049502246,1.4287620918410728,2.273985186160708
812,GO:0048592,1.1038321055601608,1.4336077631133768,3.080235444198863
813,GO:0032653,1.1047375982776078,1.4374669910642754,3.4115453258602773
814,GO:0032964,1.2047806615489691,1.3874486783721167,4.7881939481415765
815,GO:0045778,1.0759704646839563,1.4239332020882072,2.8310407633471866
816,GO:0050873,1.1047038245170038,1.2332927063803776,7.2382837845334835
817,GO:1900015,1.127317509674551,1.3201288418909976,2.7246955554413623
818,GO:0033673,1.022959067127397,1.2234118656306694,3.6821513722575814
819,GO:0022404,1.1352840404898037,1.2739600604659194,2.9955870664989814
820,GO:0022405,1.1352840404898037,1.2739600604659194,2.9955870664989814
821,GO:0090092,1.1214047998907641,1.5190986369289667,5.9789167038357
822,GO:0009123,1.2479492308700106,1.3685570741129753,2.0842905597724277
823,GO:0030193,1.4513277061618004,1.3033680978310223,5.947839970205428
824,GO:0060337,1.1407056805969182,1.3893735878574187,3.496601317117708
825,GO:0071357,1.1407056805969182,1.3893735878574187,3.496601317117708
826,GO:0061351,1.0459700913463126,1.1910739552873688,2.8375394287640328
827,GO:0051341,1.2108414081246066,1.4406698287320683,3.990601022403307
828,GO:0044000,1.0291123561472315,1.2472829623249124,2.518109719792669
829,GO:0032386,1.029004827560819,1.2434296296117149,2.259474196245985
830,GO:0051092,1.0611699360148785,1.265208036496612,2.079603201781866
831,GO:0030512,1.0968437957382478,1.4826997109841626,3.53262931937352
832,GO:0008037,1.0705285314496316,1.3164482530003618,2.855406503047994
833,GO:0009411,1.1234771648096458,1.3356598262665793,3.384628821795341
834,GO:0048593,1.1190680534576567,1.4562361032386573,3.158277228183345
835,GO:0034248,1.2589141357355293,1.2695982208279009,2.943619212451791
836,GO:0060419,1.1385575788798357,1.2575133901321263,3.3831286534668275
837,GO:0034644,1.1117761929649883,1.3387966296498708,3.6247511453974606
838,GO:0048644,1.0700733465422765,1.4844937244743996,4.400668889730615
839,GO:0030073,1.0437115749889652,1.2208426919551443,3.0517086102145288
840,GO:0000768,1.1832777163592547,1.562349668994919,4.841358307234366
841,GO:0022029,1.0193711649034,1.3872410166091307,5.335967863972623
842,GO:0032233,1.1352274050041924,1.1869243525271826,3.5075545848427168
843,GO:0032613,1.1047375982776078,1.4374669910642754,3.4115453258602773
844,GO:0140253,1.1832777163592547,1.562349668994919,4.841358307234366
845,GO:1900046,1.4513277061618004,1.3033680978310223,5.947839970205428
846,GO:0006839,1.088337346868565,1.3182075011740997,4.4573899978568114
847,GO:0043405,1.0320648836050204,1.3351979211006104,3.139956450231928
848,GO:1905954,1.154568156126083,1.3430455150080003,2.520769267167809
849,GO:0043535,1.1336273845930087,1.4670589350258751,4.275385049516149
850,GO:0032008,1.0749610981880864,1.2237865792314604,2.7539114601817114
851,GO:0051346,1.1047285940856895,1.3358937757819687,3.629210680775242
852,GO:0002279,1.0277433711842312,1.4073482016313041,6.714667206753432
853,GO:0006949,1.1832777163592547,1.562349668994919,4.841358307234366
854,GO:0002712,1.0846557371200258,1.2547009012885624,6.581576603945097
855,GO:0002889,1.0846557371200258,1.2547009012885624,6.581576603945097
856,GO:0007405,1.0464697799995037,1.185874780004168,2.0952776677213403
857,GO:0097553,1.0868707141205496,1.235757915766028,6.030909604931513
858,GO:0044703,1.0284953704317856,1.280831155479928,2.9249056815272945
859,GO:0051147,1.1962359139021743,1.239091986886311,2.940041364939313
860,GO:0021885,1.0193711649034,1.3872410166091307,5.335967863972623
861,GO:0050818,1.4513277061618004,1.3033680978310223,5.947839970205428
862,GO:0006970,1.1314858117749098,1.4801860958922128,2.998413590208372
863,GO:0032418,1.0182129428369577,1.4407501896271169,4.728614214681865
864,GO:1990849,1.0182129428369577,1.4407501896271169,4.728614214681865
865,GO:0070374,1.1241070114713378,1.5215631566044967,5.378892338434332
866,GO:0061448,1.077986601389666,1.4171503652252362,5.2093281632083315
867,GO:0030879,1.1506698232513202,1.273063927155285,2.047548615616427
868,GO:0006470,0.9764636570241315,1.1501229676230431,3.0240720097230507
869,GO:0001885,1.0530487554091157,1.1417887669566913,1.9973123577281928
870,GO:0032608,1.0290524626790931,1.214115751017357,2.0477944858791024
871,GO:0032648,1.0290524626790931,1.214115751017357,2.0477944858791024
872,GO:0045861,1.1137299924001038,1.453289151417419,4.045818569708094
873,GO:0003012,1.172847717044555,1.3299829639697978,3.0766448240095063
874,GO:0071902,1.1164057811326207,1.2964868334785895,2.905542988407584
875,GO:0002040,1.0530757625154532,1.4963711729857692,2.6651174878272244
876,GO:0018958,1.15204559052535,1.2478518743764682,3.0139022986083
877,GO:0051209,1.0577943422221212,1.1513732099987404,4.384509900616444
878,GO:0034340,1.1407056805969182,1.3893735878574187,3.496601317117708
879,GO:0035456,1.1779076344180484,1.5413349123280795,4.070322301007853
880,GO:0055008,1.0884884336141287,1.4363456817777072,3.5566638833002666
881,GO:0060425,1.1253274239354927,1.5787179527207644,5.121947178209926
882,GO:0051283,1.0577943422221212,1.1513732099987404,4.384509900616444
883,GO:0099072,0.9820689597425563,1.1709248505127594,1.8526199730710058
884,GO:0034764,1.3173248091169578,1.7565722891771431,10.688075591257899
885,GO:0034446,0.9820935128814217,1.136371181157909,2.1380560911665496
886,GO:0046822,1.0305314771766847,1.283698135237581,2.257989893953945
887,GO:0090596,1.0801252791232832,1.4020662943806212,2.976893922714502
888,GO:0002763,1.059865371052319,1.331371348470739,2.9411192927063303
889,GO:0042093,1.0224954494869951,1.3858210801707977,3.063659578271538
890,GO:1900182,1.0415625350346962,1.224298903527734,2.1189105035372755
891,GO:0034250,1.1293765461249923,1.284952073466214,2.113903223757742
892,GO:0043433,1.1751593769617756,1.3848779632809132,2.1358085997551797
893,GO:0010927,1.2112043634821104,1.1429563739796882,2.5595053086814956
894,GO:0051282,1.0577943422221212,1.1513732099987404,4.384509900616444
895,GO:0001541,1.1424190245742107,1.4758738174894086,4.07582742732417
896,GO:0002294,1.0224954494869951,1.3858210801707977,3.063659578271538
897,GO:0070664,1.0218213494362307,1.148527651861322,4.053329828435632
898,GO:0006457,1.0532274600983795,1.1877325519666615,2.8317062374009976
899,GO:0016482,0.9725884128472954,1.0188807681455339,1.634103884773207
900,GO:0050890,1.2415111462137156,1.641009586846143,8.054631013722943
901,GO:0048284,0.9716707596177222,1.1215308681928726,1.82092980072832
902,GO:0032092,1.0515312226565143,1.318918871846286,2.866907205776749
903,GO:0051208,1.0577943422221212,1.1513732099987404,4.384509900616444
904,GO:2000177,1.1278494950090603,1.2678368763067598,3.075970445883108
905,GO:1903828,1.0557705987950643,1.2972350844774743,3.249791128678969
906,GO:0006417,1.2678036581129148,1.2487243503551364,3.056106037321588
907,GO:0002293,1.0224954494869951,1.3858210801707977,3.063659578271538
908,GO:0002714,1.1105492284792302,1.409438544585772,5.9781530609329
909,GO:0002891,1.1105492284792302,1.409438544585772,5.9781530609329
910,GO:0046824,1.0130266143397457,1.2665826705585974,1.9104162080222713
911,GO:1904705,1.0204203219240284,1.5640393723966506,3.5489693361251002
912,GO:0009416,1.1292043689513829,1.3281996690024773,3.3085178961672295
913,GO:0046425,1.076677146150105,1.4491015114597496,2.7317532262067212
914,GO:0003018,1.1426614978304164,1.5318686767492957,4.313778261828888
915,GO:0002287,1.0224954494869951,1.3858210801707977,3.063659578271538
916,GO:0045727,1.1269022924200596,1.2573941942367672,2.091138669202015
917,GO:0001763,1.139452259427628,1.704929100161008,5.274074733467716
918,GO:0070167,1.1335603009766697,1.4938536523069115,3.7903792301532704
919,GO:0048736,0.999866416267964,1.3037016639812946,2.7427351449673574
920,GO:0060173,0.999866416267964,1.3037016639812946,2.7427351449673574
921,GO:0001889,1.0510653662287117,1.6042194883935526,2.8858329034107864
922,GO:0010822,1.101713543850822,1.3148004367554396,2.449755453071606
923,GO:0032814,0.9825710637354508,1.3769136611487989,4.464721995851985
924,GO:0050768,1.0986959761090682,1.0874499937491793,2.1457889684653617
925,GO:1904064,1.4362146466225252,1.9288075102437192,13.083906462530111
926,GO:0016072,1.0741008178126574,1.1607915518196468,2.120374753736486
927,GO:0099173,1.059768686087953,1.181576905853654,2.6375238803718983
928,GO:0007254,1.0566679820034592,1.2116377946399088,2.2173516362596115
929,GO:0007596,1.325486302272423,1.1728343841482507,5.564154934422083
930,GO:0038034,1.651664834487254,2.322241351084114,16.084995347330054
931,GO:0042306,1.020049978526823,1.3197074861568883,2.200503897619169
932,GO:0048146,0.9766613119741249,1.3434350419078447,3.549974414646887
933,GO:0097192,1.651664834487254,2.322241351084114,16.084995347330054
934,GO:0033143,1.0714220015720577,1.103810163006554,1.929459312522611
935,GO:0042303,1.1352840404898037,1.2739600604659194,2.9955870664989814
936,GO:0042633,1.1352840404898037,1.2739600604659194,2.9955870664989814
937,GO:0061008,1.0510653662287117,1.6042194883935526,2.8858329034107864
938,GO:0031929,1.1315571071516386,1.3268840251682053,2.604776820416124
939,GO:0050817,1.325486302272423,1.1728343841482507,5.564154934422083
940,GO:0046434,1.182795237882816,1.3498496908824382,2.181205702921741
941,GO:0009206,1.1625850230075891,1.2445933126578972,2.3866323096025326
942,GO:0031397,1.1266377465614401,1.2953402835939611,3.0147466675826604
943,GO:0042130,1.0231910240422322,1.1311485930673133,4.299891699817102
944,GO:1990874,1.0204203219240284,1.5640393723966506,3.5489693361251002
945,GO:0007599,1.325486302272423,1.1728343841482507,5.564154934422083
946,GO:0043588,1.1009816868829216,1.2374846325658324,3.0605395026400095
947,GO:0009145,1.1625850230075891,1.2445933126578972,2.3866323096025326
948,GO:0008217,1.0989791180569974,1.580413354461381,6.324739321298496
949,GO:0003208,1.0821124672326068,1.3965429350529945,2.549172890385036
950,GO:0010951,1.1183105104632942,1.3950861045781222,4.096493427579327
951,GO:0048844,1.041104556189766,1.418194978460299,4.003384381556423
952,GO:2000107,1.172334634549713,1.837297927801407,4.161011640884154
953,GO:0048639,1.0823516568988558,1.3045767604099063,3.59708390725532
954,GO:0046328,1.0139045976772716,1.2241452380965894,2.285374056232272
955,GO:0055088,1.1237694453240556,1.1674723341343072,2.537514753389466
956,GO:0016042,1.0693639537786566,1.492225124501599,6.126926495377282
957,GO:2000241,1.1760782200501414,1.2972943765160558,2.7474408252200146
958,GO:0001890,1.1611121261305104,1.5705210689109022,3.28274587821627
959,GO:0050864,1.0782957968250952,1.3581083805395318,4.0318588351749565
960,GO:0045165,1.0423021239951946,1.2322326586208776,2.3070042897443144
961,GO:0048705,0.991249876603602,1.3020031086502384,4.461130064007448
962,GO:0090257,1.1197475970486304,1.3621735525088818,2.1631377812638117
963,GO:0002244,1.2143423399681235,1.375850589123578,3.400850385317589
964,GO:0007369,1.080734322552386,1.3277177077716757,2.534540998916343
965,GO:0035296,1.1480893442783615,1.4925943501924286,3.7023768285711216
966,GO:0050770,1.0794455214351686,1.2599832466425722,3.279486701447075
967,GO:0097746,1.1480893442783615,1.4925943501924286,3.7023768285711216
968,GO:0009201,1.1625850230075891,1.2445933126578972,2.3866323096025326
969,GO:0071482,1.1117761929649883,1.3387966296498708,3.6247511453974606
970,GO:0015980,1.156564542530661,1.3335149938044337,2.413171412920421
971,GO:0035150,1.1480893442783615,1.4925943501924286,3.7023768285711216
972,GO:0035304,1.0202111390941437,1.1245569632714052,2.487755767706283
973,GO:0003206,1.1225251139050096,1.3712315675295925,2.795655781916895
974,GO:0006413,1.081363517473606,1.2088121681604207,1.9346369222648288
975,GO:0045833,1.148813332886696,1.2867728180860745,5.422525728363185
976,GO:0050829,1.1887604332812085,1.353934501397646,6.892253495107686
977,GO:1903522,1.3019792882260364,1.4216530901782924,3.5418085457556945
978,GO:0008088,1.0463832961057637,1.243840124230359,2.9465734312684577
979,GO:0042269,1.0845163381860206,1.4505851650017665,6.462318404549433
980,GO:0021761,0.9809706152994438,1.1548676744756663,2.1875940939748424
981,GO:0042391,1.074988425950868,1.2543102808848567,3.4968125868304725
982,GO:0061138,1.125595952004983,1.8204164457734986,5.693621435373166
983,GO:0003231,1.060521761571999,1.3128656358030322,2.612463579688363
984,GO:0032388,1.0227529014819197,1.2262260516158192,2.1024500749907125
985,GO:0003151,1.0685786830904662,1.3041466892487537,2.4498099726742577
986,GO:0040014,1.0466413613144614,1.341909559236355,2.9460620699591025
987,GO:0046660,1.2374969785087138,1.4505574762822149,4.029425219887335
988,GO:0014855,1.119556529409664,1.2617568895982814,2.874276257125155
989,GO:0032006,1.1315871185808817,1.3521966436388717,2.707257650311826
990,GO:0009117,1.1596089941770422,1.2570512479680713,2.2729170861684835
991,GO:0008585,1.2353949400387283,1.4801077531120603,3.8670156053895437
992,GO:0009142,1.1625850230075891,1.2445933126578972,2.3866323096025326
993,GO:0015850,1.1720455105612857,1.4709018338579567,4.138947574170044
994,GO:0001738,1.055801427071692,1.2163277401483281,2.343318787173365
995,GO:0002715,1.0845163381860206,1.4505851650017665,6.462318404549433
996,GO:0044242,1.0492619460830857,1.375744836978371,2.5488656117989184
997,GO:0045445,1.2646521944009579,1.1518015145113973,3.1382003076124727
998,GO:0051101,1.0810497085860913,1.3388364101177384,2.386433077106246
999,GO:0061178,1.0367446502805053,1.2183637429034364,2.039537840275157
1000,GO:1903305,0.9968988423528873,1.491119841567881,5.084409682899043
1001,GO:0046545,1.2353949400387283,1.4801077531120603,3.8670156053895437
1002,GO:0015914,1.1895466663192902,1.391116526310828,2.6375257676944615
1003,GO:1903035,1.0792771572146707,1.1504648068008683,4.650901167216238
1004,GO:0006906,0.9539135217027541,1.0266717028110126,1.6238323641694419
1005,GO:0007041,0.9711329695316768,1.1099799056272348,2.1812647157009604
1006,GO:0032649,1.1373787830695723,1.681154528992248,6.392464925881628
1007,GO:0035303,1.041322292188697,1.090670470437203,2.456669342273792
1008,GO:0042176,1.135482708511431,1.2063151681883002,2.4470405213368798
1009,GO:0006936,1.202220355059018,1.339624179654348,2.637500136328848
1010,GO:0007059,1.0573532935464534,1.149966328731156,2.220663591384091
1011,GO:0007034,0.9937470589725801,1.1750023220081236,2.3511402378528703
1012,GO:0003014,1.0555474843098802,1.4726443387507786,4.71009941091688
1013,GO:0009308,1.1889209186278007,1.2809673407061843,2.461444527825565
1014,GO:0051261,0.9611525076110938,1.319785223395041,1.8597018728232226
1015,GO:0090174,0.9539135217027541,1.0266717028110126,1.6238323641694419
1016,GO:0007611,1.307283593824181,1.7422321004680708,9.020789154139376
1017,GO:0050672,1.0231910240422322,1.1311485930673133,4.299891699817102
1018,GO:0045664,1.1299877613750835,1.2348820876896602,3.1223824084817142
1019,GO:0014812,1.1857100576637034,1.2643563445951742,6.010438659013194
1020,GO:0030010,1.0040647317192415,1.2763504586995609,2.208756483563963
1021,GO:0032945,1.0231910240422322,1.1311485930673133,4.299891699817102
1022,GO:0061912,1.1118319204254168,1.2778958675750853,2.1082017197708836
1023,GO:0016311,0.992424119835122,1.1282253464404555,2.9612452413860333
1024,GO:0042594,1.043397357438606,1.3205035764985915,2.1713711140894327
1025,GO:0045732,1.129609266144719,1.1592521608465083,2.428384516642327
1026,GO:0010212,1.127843648714749,1.263649007113122,2.2256277594911333
1027,GO:0042476,1.1065963031788153,1.3636211748411853,2.673543485375754
1028,GO:0045739,1.0724547855519377,1.1929767780162568,2.1211004398383184
1029,GO:0015748,1.1819287155080966,1.414785119024101,2.6494419255379964
1030,GO:0001570,0.9841198177311873,1.2509435970775222,2.379105870510283
1031,GO:0046718,1.0598925596789746,1.3458600296800214,2.7678642218783183
1032,GO:0060048,1.2951849234055095,1.2814114980982008,2.8348148884038404
1033,GO:0022898,1.118039177588326,1.3406989307618027,2.7915728234882344
1034,GO:0048545,1.140780927653526,1.339835169847781,5.4766100293049025
1035,GO:0043500,1.0551194551207057,1.2476550627712144,3.216629619399309
1036,GO:0072521,1.1646249006321479,1.259701832736947,2.225757516817549
1037,GO:0045333,1.1542468300975193,1.3135463345369593,2.3942665778705097
1038,GO:0120032,1.0782598901562954,1.2450958741654987,2.3641172461094504
1039,GO:0010717,1.114485328794517,1.0144477844414395,3.3467866297314313
1040,GO:0035773,1.0367446502805053,1.2183637429034364,2.039537840275157
1041,GO:0050772,1.118401224613814,1.2788320220575315,3.8501207468177427
1042,GO:0007265,1.0470484159148594,1.2634715067527478,2.86951734724688
1043,GO:0030705,1.0246111618878264,1.3044803875947018,2.6809650191073415
1044,GO:1901990,1.117472474010865,1.1321936235740468,3.5562559028651926
1045,GO:0042632,1.0797150127074593,1.2701856071782625,2.536598335034474
1046,GO:0048608,1.2318643544274634,1.5871457048425388,5.120364758074039
1047,GO:0016051,1.1343359271988236,1.2316946554731443,2.5516107690516168
1048,GO:0060491,1.0782598901562954,1.2450958741654987,2.3641172461094504
1049,GO:0032370,1.1641589557124166,1.3236559976275697,2.645630086862431
1050,GO:0044409,1.0598925596789746,1.3458600296800214,2.7678642218783183
1051,GO:0055092,1.0797150127074593,1.2701856071782625,2.536598335034474
1052,GO:0007266,0.9919865075483625,1.3281310554917911,3.110165064099653
1053,GO:0043087,1.0879027345726853,1.3825799243091925,4.436797414153987
1054,GO:0030902,1.0005984794259069,1.0793612877093788,1.933921289938139
1055,GO:0051656,1.0394457578174738,1.4137861865522798,3.5421576807442863
1056,GO:0014910,1.0463082517390072,1.3388558144198888,3.077960745723697
1057,GO:0071478,1.1290260275446615,1.272123466958134,3.327305669051228
1058,GO:0061458,1.2318643544274634,1.5871457048425388,5.120364758074039
1059,GO:0032609,1.1373787830695723,1.681154528992248,6.392464925881628
1060,GO:0008406,1.206587584501431,1.4391229220077553,4.039511915065286
1061,GO:0033077,1.0401296498018886,1.2644898078323756,2.5048340597235415
1062,GO:0010970,1.0286503000842195,1.2011931291947637,2.7627058031239784
1063,GO:0006163,1.1730836265565572,1.2763325112085961,2.255970388255798
1064,GO:0008544,1.091477930294432,1.2154952526416107,2.624889288121281
1065,GO:0071772,0.9857672156963457,1.3081618333876257,3.0368455327125425
1066,GO:0071773,0.9857672156963457,1.3081618333876257,3.0368455327125425
1067,GO:0032409,1.118039177588326,1.3406989307618027,2.7915728234882344
1068,GO:0043502,1.0480356074977644,1.1555480073831739,1.827467061036857
1069,GO:0045137,1.206587584501431,1.4391229220077553,4.039511915065286
1070,GO:0043123,1.0380124086260425,1.171712621371545,1.9757181260331431
1071,GO:0048675,1.0373363317235516,1.2943340157478638,3.699812770118816
1072,GO:0050807,1.050945014071398,1.1176985732083438,2.202200475637088
1073,GO:0001704,1.0911232671830038,1.4479042277950631,3.099907083889859
1074,GO:0006576,1.1270144742679844,1.210357627910413,2.3346088669609406
1075,GO:0097061,1.0774794861581796,1.1987996011044195,2.895508448115137
1076,GO:2000243,1.1310863006177974,1.2853551730221147,2.9073131765635334
1077,GO:0051216,1.0966613485396042,1.335357019178952,3.3643453062940467
1078,GO:0016050,0.9986736511179449,1.1609968681477356,2.375855935297221
1079,GO:0071383,1.1433702972018933,1.271855558396103,2.651105339512836
1080,GO:0021549,1.0087145663070036,1.0737409980822779,1.7438161633156455
1081,GO:0007006,1.1155998531495934,1.4141168322739872,5.623101427993341
1082,GO:0046661,1.2352041049326643,1.420174967695625,3.6727953588186084
1083,GO:0060349,0.9270230467870327,1.3936905254930483,3.3441125410546255
1084,GO:0050803,1.050945014071398,1.1176985732083438,2.202200475637088
1085,GO:1903531,1.0139489370118016,1.481776134779128,4.145468652713356
1086,GO:0009259,1.1664279592927707,1.2848084442588055,2.212922910179541
1087,GO:0045598,1.0660464294632965,1.3864760623029435,6.279643251467666
1088,GO:0090101,1.0968437957382478,1.4826997109841626,3.53262931937352
1089,GO:0090068,1.1197642827140002,1.2033484522941804,3.283978417096384
1090,GO:1905952,1.154568156126083,1.3430455150080003,2.520769267167809
1091,GO:0034763,1.070422489488401,1.2223424313632765,2.6928058125344427
1092,GO:0048754,1.1311470816837448,1.7366541775900655,6.102901795440514
1093,GO:0048469,1.0546309226033896,1.1504377746257675,1.8403257438770493
1094,GO:0014909,1.0463082517390072,1.3388558144198888,3.077960745723697
1095,GO:0022600,1.1585192083263833,1.3866036800738188,3.4728562947752333
1096,GO:0032652,1.1151215952994338,1.3637886255569105,3.0946514544147647
1097,GO:0034766,1.0825077700383703,1.1094965205258487,2.1600123476442934
1098,GO:0019693,1.1664279592927707,1.2848084442588055,2.212922910179541
1099,GO:0009152,1.1833833911306668,1.3315976000360588,2.314564665577579
1100,GO:0001892,1.2037331679057701,1.7424031867736007,3.1329745878749535
1101,GO:0030518,1.0714220015720577,1.103810163006554,1.929459312522611
1102,GO:0106027,1.0774794861581796,1.1987996011044195,2.895508448115137
1103,GO:0032412,1.1131962617437772,1.3515971332510088,2.788841268051548
1104,GO:0048863,1.0325138859380523,1.2775267863255704,2.514036648868079
1105,GO:0008584,1.2761190951868555,1.4933760650510652,3.9252769745718274
1106,GO:0043271,1.070422489488401,1.2223424313632765,2.6928058125344427
1107,GO:0022612,1.192248937840524,1.6883560714236647,5.384907976214181
1108,GO:0046546,1.2761190951868555,1.4933760650510652,3.9252769745718274
1109,GO:0033555,1.3115781978875662,1.1869583271345083,5.6954405946202415
1110,GO:0055006,1.4081683729732948,1.3321087729546788,3.6287090117938
1111,GO:1901989,1.0724391859009528,1.1485220424420486,3.5548063794822746
1112,GO:0007264,1.03966633951097,1.3545775931866386,2.903093707355027
1113,GO:0032612,1.1151215952994338,1.3637886255569105,3.0946514544147647
1114,GO:0048562,1.0625440646362228,1.3057009805958935,2.6379574949776186
1115,GO:0007548,1.183152274378876,1.390817864207736,3.8455039271999025
1116,GO:0014896,1.2942595274195254,1.2500796475840363,4.195512943178198
1117,GO:0042100,1.1035609580238106,1.7919511814956888,4.961095308754712
1118,GO:0043401,1.0714220015720577,1.103810163006554,1.929459312522611
1119,GO:0007204,1.0854908689209837,1.4051749053280327,5.67614620504249
1120,GO:0022037,1.0087145663070036,1.0737409980822779,1.7438161633156455
1121,GO:0001837,1.1240063939885787,1.097082617775949,3.2250744341024244
1122,GO:1902074,1.0294280744137518,1.2823950459657316,2.6474133811363374
1123,GO:0009260,1.1833833911306668,1.3315976000360588,2.314564665577579
1124,GO:0009150,1.1773575248929844,1.3082571815428918,2.2502088732247665
1125,GO:1901136,1.1748245793710677,1.4258167228566396,2.5528709937025456
1126,GO:0000209,1.0740779604281845,1.1923325831100975,2.119056236538373
1127,GO:0048762,1.0764935324458875,1.1191299344684738,3.0385391499682246
1128,GO:0051048,1.0139489370118016,1.481776134779128,4.145468652713356
1129,GO:0030509,1.0141156578998598,1.401463416223952,3.3140750569328854
1130,GO:0010466,1.1183105104632942,1.3950861045781222,4.096493427579327
1131,GO:0007586,1.1585192083263833,1.3866036800738188,3.4728562947752333
1132,GO:0043406,1.097647701854159,1.3737057674297255,2.328072865330635
1133,GO:0061387,1.094004517386247,1.2168836002160737,3.7182154881821448
1134,GO:0009755,1.053908922708445,1.1519570440384832,1.983552897236851
1135,GO:0072594,1.0947786553051226,1.4246270581918963,2.4250308938569893
1136,GO:0019722,1.135574960372645,1.1780270557827728,2.8773299285673164
1137,GO:0003279,1.106560730923103,1.2561699298471796,2.7651719000891934
1138,GO:1901987,1.1084497483501499,1.1611142930511251,3.6670516577732317
1139,GO:0006282,1.0529245829110123,1.1817161968721939,2.0839338287444282
1140,GO:0007519,1.1127558311337467,1.1215797485839496,2.0367341620110615
1141,GO:0030856,1.0736809447761904,1.1863442623991758,2.5122018793575873
1142,GO:0061025,0.9539135217027541,1.0266717028110126,1.6238323641694419
1143,GO:0019318,1.1378835483975513,1.3277935749552843,3.2891643294338535
1144,GO:0019827,0.9952039975052283,1.097013670559273,1.7307633966289324
1145,GO:0045931,1.0861313566534974,1.1802912574929196,3.6349342528633017
1146,GO:0006364,1.0558590453042032,1.1332576564195493,2.187937232055897
1147,GO:0009100,1.0405269973721114,1.3484933040435543,2.519680353000291
1148,GO:0044282,1.0833057382981184,1.330962272411831,2.538025954793269
1149,GO:0046390,1.1833833911306668,1.3315976000360588,2.314564665577579
1150,GO:0051259,1.1081417351997895,1.3322050641803145,2.773492420270353
1151,GO:0017148,1.070199741211037,1.1379344158415654,1.7939192900610221
1152,GO:0046034,1.1303782674706602,1.3114187809919426,2.2843948336173057
1153,GO:0060996,1.0416593870967976,1.0775446071766421,1.9376431585456029
1154,GO:0045926,1.1750329362401133,1.2914655889686744,3.3932864884647924
1155,GO:0032874,1.017258075126804,1.233337017796164,2.790477697891685
1156,GO:0045055,0.9806612716139279,1.4300982243497353,4.657933752552198
1157,GO:0098727,0.9952039975052283,1.097013670559273,1.7307633966289324
1158,GO:0032411,1.0472458885515883,1.126495223470754,2.8668748516090257
1159,GO:1901875,1.0271912069070315,1.188673421843758,1.819210196394898
1160,GO:0099111,1.0286503000842195,1.2011931291947637,2.7627058031239784
1161,GO:0006941,1.2951849234055095,1.2814114980982008,2.8348148884038404
1162,GO:0035107,0.9824902387896256,1.3489016048941012,3.1586451839105636
1163,GO:0035108,0.9824902387896256,1.3489016048941012,3.1586451839105636
1164,GO:0071826,1.0405414392405588,1.0700786452116449,1.8839042395966727
1165,GO:0070304,1.017258075126804,1.233337017796164,2.790477697891685
1166,GO:1903008,1.1344268585446884,1.3149005254600754,2.341811925260181
1167,GO:0035265,1.1385575788798357,1.2575133901321263,3.3831286534668275
1168,GO:0006006,1.1352624964979705,1.308928969614806,3.3231597133418624
1169,GO:0099175,1.0202112803856764,1.0994279647390954,2.0572929602231267
1170,GO:0017157,0.9968988423528873,1.491119841567881,5.084409682899043
1171,GO:0060538,1.1127558311337467,1.1215797485839496,2.0367341620110615
1172,GO:0048511,1.105778600921537,1.2717230907878951,2.3472941100359384
1173,GO:0007626,1.037320714670174,1.3557582678449998,3.336112298913635
1174,GO:0009267,1.042200072801241,1.32121000073174,2.168046928347266
1175,GO:0045834,1.0884191600713344,1.4215366277329988,4.469628832982287
1176,GO:0042254,1.0411293676589564,1.122592042369536,2.1541124603002246
1177,GO:0018205,1.0923349756050853,1.1992175818127766,5.43001616376723
1178,GO:0071897,1.1182405912665359,1.3639008151145284,7.431109003818446
1179,GO:0072089,1.0230329825690634,1.318317205520119,2.4985625072239332
1180,GO:0040029,1.076656322603437,1.1300161182762916,2.0369687511386716
1181,GO:1902115,1.156357316979131,1.299193329332526,2.6008376884512563
1182,GO:0001649,1.014460761959358,1.398329973346853,5.704571942258663
1183,GO:0007219,1.1434445600628569,1.3856012959625592,2.9853085159090176
1184,GO:0030326,0.9863081412360359,1.278154875600692,2.107636226510205
1185,GO:0035113,0.9863081412360359,1.278154875600692,2.107636226510205
1186,GO:0006164,1.1833833911306668,1.3315976000360588,2.314564665577579
1187,GO:1903050,1.1856754816359056,1.1972261838926963,2.47409602872509
1188,GO:0019932,1.1554996679155465,1.2375341603204246,3.2450685480791877
1189,GO:0006690,1.0206093786355663,1.39891087193503,2.7786173962832503
1190,GO:2001257,1.188291007632729,1.4549513860987233,2.604802878890055
1191,GO:0048706,1.0695345449734948,1.2395764940070977,2.659044464639444
1192,GO:0051592,1.038255999005233,1.3186800682235769,2.7034975084453046
1193,GO:0018105,1.0635551243218195,1.1763061566341402,1.8362277922435317
1194,GO:0007612,1.0149343137834996,1.331182795629758,2.580726570538419
1195,GO:0022613,1.0238375465788312,1.104431362287191,2.0672556408468146
1196,GO:0120161,1.488981681216245,2.2879897576378796,16.553401738184995
1197,GO:0005996,1.1378835483975513,1.3277935749552843,3.2891643294338535
1198,GO:0072522,1.1833833911306668,1.3315976000360588,2.314564665577579
1199,GO:1901361,1.1153163495649616,1.4675205112003324,2.2998230699024345
1200,GO:0061136,1.2202786922861786,1.1788925690499668,2.445588827821322
1201,GO:0010639,1.1376431883645108,1.3575976742594895,2.589723518415499
1202,GO:0034249,1.070199741211037,1.1379344158415654,1.7939192900610221
1203,GO:0051224,1.0755397385127354,1.3435027783931017,4.007016368445035
1204,GO:0043200,1.0717792188620467,1.3373292715417138,3.9640049099518424
1205,GO:0009060,1.1648914552088034,1.2528979170027927,2.2611713157532
1206,GO:0106106,1.488981681216245,2.2879897576378796,16.553401738184995
1207,GO:0046578,1.0841991754250533,1.3784338801789973,3.3472073062090324
1208,GO:0006887,1.024866790461922,1.5483952868180817,4.709778423540166
1209,GO:1904950,1.0755397385127354,1.3435027783931017,4.007016368445035
1210,GO:0018209,1.0635551243218195,1.1763061566341402,1.8362277922435317
1211,GO:0000280,1.0211019566427983,1.0901225484113037,2.5377584256780135
1212,GO:0001838,1.0940745274884562,1.2173231762588426,2.1827550384000642
1213,GO:0043161,1.0259016720394105,1.2086982301732656,2.0997430803062898
1214,GO:0032368,1.1641589557124166,1.3236559976275697,2.645630086862431
1215,GO:0031331,1.062095158148601,1.4917611666136692,2.227855155764706
