,Unnamed: 0,Cluster,ID,Description,GeneRatio,BgRatio,pvalue,p.adjust,qvalue,geneID,Count,expandlist
7,8,d1,GO:0008236,serine-type peptidase activity,6/64,209/22537,2.83590217318992e-05,0.002849267046486,0.002164215998228,ENSMUSG00000050762/ENSMUSG00000045027/ENSMUSG00000050063/ENSMUSG00000024713/ENSMUSG00000044737/ENSMUSG00000044430,6,"['ENSMUSG00000050762', 'ENSMUSG00000045027', 'ENSMUSG00000050063', 'ENSMUSG00000024713', 'ENSMUSG00000044737', 'ENSMUSG00000044430']"
8,9,d1,GO:0017171,serine hydrolase activity,6/64,214/22537,3.237803461916e-05,0.002849267046486,0.002164215998228,ENSMUSG00000050762/ENSMUSG00000045027/ENSMUSG00000050063/ENSMUSG00000024713/ENSMUSG00000044737/ENSMUSG00000044430,6,"['ENSMUSG00000050762', 'ENSMUSG00000045027', 'ENSMUSG00000050063', 'ENSMUSG00000024713', 'ENSMUSG00000044737', 'ENSMUSG00000044430']"
9,10,d1,GO:0005539,glycosaminoglycan binding,6/64,239/22537,5.99049525667371e-05,0.0035144238839152,0.0026694487635002,ENSMUSG00000019929/ENSMUSG00000021614/ENSMUSG00000022816/ENSMUSG00000031825/ENSMUSG00000060594/ENSMUSG00000004098,6,"['ENSMUSG00000019929', 'ENSMUSG00000021614', 'ENSMUSG00000022816', 'ENSMUSG00000031825', 'ENSMUSG00000060594', 'ENSMUSG00000004098']"
11,12,d1,GO:0004175,endopeptidase activity,7/64,433/22537,0.0002225743427045,0.0078346168631986,0.0059509350575731,ENSMUSG00000030022/ENSMUSG00000050762/ENSMUSG00000045027/ENSMUSG00000050063/ENSMUSG00000057530/ENSMUSG00000024713/ENSMUSG00000044737,7,"['ENSMUSG00000030022', 'ENSMUSG00000050762', 'ENSMUSG00000045027', 'ENSMUSG00000050063', 'ENSMUSG00000057530', 'ENSMUSG00000024713', 'ENSMUSG00000044737']"
21,22,d4,GO:0003735,structural constituent of ribosome,88/1456,170/22537,8.14411555470177e-59,7.45186573255212e-56,6.3781283923138095e-56,ENSMUSG00000012405/ENSMUSG00000030432/ENSMUSG00000008682/ENSMUSG00000093674/ENSMUSG00000030879/ENSMUSG00000039221/ENSMUSG00000036781/ENSMUSG00000025794/ENSMUSG00000000740/ENSMUSG00000090137/ENSMUSG00000009927/ENSMUSG00000017404/ENSMUSG00000025508/ENSMUSG00000037563/ENSMUSG00000063316/ENSMUSG00000045128/ENSMUSG00000061983/ENSMUSG00000048758/ENSMUSG00000008683/ENSMUSG00000045948/ENSMUSG00000012848/ENSMUSG00000032518/ENSMUSG00000058267/ENSMUSG00000058558/ENSMUSG00000034932/ENSMUSG00000032459/ENSMUSG00000029066/ENSMUSG00000071415/ENSMUSG00000062647/ENSMUSG00000038900/ENSMUSG00000062006/ENSMUSG00000015672/ENSMUSG00000023723/ENSMUSG00000029614/ENSMUSG00000062328/ENSMUSG00000039680/ENSMUSG00000063457/ENSMUSG00000022370/ENSMUSG00000030612/ENSMUSG00000060636/ENSMUSG00000049751/ENSMUSG00000036860/ENSMUSG00000079435/ENSMUSG00000003429/ENSMUSG00000019505/ENSMUSG00000098274/ENSMUSG00000047215/ENSMUSG00000038880/ENSMUSG00000026087/ENSMUSG00000023939/ENSMUSG00000039209/ENSMUSG00000057322/ENSMUSG00000041453/ENSMUSG00000058546/ENSMUSG00000024902/ENSMUSG00000025362/ENSMUSG00000059070/ENSMUSG00000028234/ENSMUSG00000106918/ENSMUSG00000034211/ENSMUSG00000032288/ENSMUSG00000010406/ENSMUSG00000043716/ENSMUSG00000057388/ENSMUSG00000052146/ENSMUSG00000062997/ENSMUSG00000061477/ENSMUSG00000046364/ENSMUSG00000021967/ENSMUSG00000047675/ENSMUSG00000033845/ENSMUSG00000090862/ENSMUSG00000003299/ENSMUSG00000025208/ENSMUSG00000024829/ENSMUSG00000059291/ENSMUSG00000037805/ENSMUSG00000060036/ENSMUSG00000057841/ENSMUSG00000046330/ENSMUSG00000036850/ENSMUSG00000020514/ENSMUSG00000007892/ENSMUSG00000039640/ENSMUSG00000028140/ENSMUSG00000034880/ENSMUSG00000044533/ENSMUSG00000028081,88,"['ENSMUSG00000012405', 'ENSMUSG00000030432', 'ENSMUSG00000008682', 'ENSMUSG00000093674', 'ENSMUSG00000030879', 'ENSMUSG00000039221', 'ENSMUSG00000036781', 'ENSMUSG00000025794', 'ENSMUSG00000000740', 'ENSMUSG00000090137', 'ENSMUSG00000009927', 'ENSMUSG00000017404', 'ENSMUSG00000025508', 'ENSMUSG00000037563', 'ENSMUSG00000063316', 'ENSMUSG00000045128', 'ENSMUSG00000061983', 'ENSMUSG00000048758', 'ENSMUSG00000008683', 'ENSMUSG00000045948', 'ENSMUSG00000012848', 'ENSMUSG00000032518', 'ENSMUSG00000058267', 'ENSMUSG00000058558', 'ENSMUSG00000034932', 'ENSMUSG00000032459', 'ENSMUSG00000029066', 'ENSMUSG00000071415', 'ENSMUSG00000062647', 'ENSMUSG00000038900', 'ENSMUSG00000062006', 'ENSMUSG00000015672', 'ENSMUSG00000023723', 'ENSMUSG00000029614', 'ENSMUSG00000062328', 'ENSMUSG00000039680', 'ENSMUSG00000063457', 'ENSMUSG00000022370', 'ENSMUSG00000030612', 'ENSMUSG00000060636', 'ENSMUSG00000049751', 'ENSMUSG00000036860', 'ENSMUSG00000079435', 'ENSMUSG00000003429', 'ENSMUSG00000019505', 'ENSMUSG00000098274', 'ENSMUSG00000047215', 'ENSMUSG00000038880', 'ENSMUSG00000026087', 'ENSMUSG00000023939', 'ENSMUSG00000039209', 'ENSMUSG00000057322', 'ENSMUSG00000041453', 'ENSMUSG00000058546', 'ENSMUSG00000024902', 'ENSMUSG00000025362', 'ENSMUSG00000059070', 'ENSMUSG00000028234', 'ENSMUSG00000106918', 'ENSMUSG00000034211', 'ENSMUSG00000032288', 'ENSMUSG00000010406', 'ENSMUSG00000043716', 'ENSMUSG00000057388', 'ENSMUSG00000052146', 'ENSMUSG00000062997', 'ENSMUSG00000061477', 'ENSMUSG00000046364', 'ENSMUSG00000021967', 'ENSMUSG00000047675', 'ENSMUSG00000033845', 'ENSMUSG00000090862', 'ENSMUSG00000003299', 'ENSMUSG00000025208', 'ENSMUSG00000024829', 'ENSMUSG00000059291', 'ENSMUSG00000037805', 'ENSMUSG00000060036', 'ENSMUSG00000057841', 'ENSMUSG00000046330', 'ENSMUSG00000036850', 'ENSMUSG00000020514', 'ENSMUSG00000007892', 'ENSMUSG00000039640', 'ENSMUSG00000028140', 'ENSMUSG00000034880', 'ENSMUSG00000044533', 'ENSMUSG00000028081']"
22,23,d4,GO:0043021,ribonucleoprotein complex binding,42/1456,188/22537,9.62072533145243e-13,4.4014818391394903e-10,3.76727349821085e-10,ENSMUSG00000031167/ENSMUSG00000030082/ENSMUSG00000020372/ENSMUSG00000021546/ENSMUSG00000025508/ENSMUSG00000057113/ENSMUSG00000053317/ENSMUSG00000063511/ENSMUSG00000036371/ENSMUSG00000032518/ENSMUSG00000021917/ENSMUSG00000027620/ENSMUSG00000040385/ENSMUSG00000024217/ENSMUSG00000053565/ENSMUSG00000022365/ENSMUSG00000026740/ENSMUSG00000025580/ENSMUSG00000078812/ENSMUSG00000025616/ENSMUSG00000028840/ENSMUSG00000027404/ENSMUSG00000025971/ENSMUSG00000026864/ENSMUSG00000020415/ENSMUSG00000030224/ENSMUSG00000039630/ENSMUSG00000024387/ENSMUSG00000040824/ENSMUSG00000035530/ENSMUSG00000057278/ENSMUSG00000025920/ENSMUSG00000062997/ENSMUSG00000090553/ENSMUSG00000078974/ENSMUSG00000052253/ENSMUSG00000031388/ENSMUSG00000014504/ENSMUSG00000003438/ENSMUSG00000018442/ENSMUSG00000027642/ENSMUSG00000007892,42,"['ENSMUSG00000031167', 'ENSMUSG00000030082', 'ENSMUSG00000020372', 'ENSMUSG00000021546', 'ENSMUSG00000025508', 'ENSMUSG00000057113', 'ENSMUSG00000053317', 'ENSMUSG00000063511', 'ENSMUSG00000036371', 'ENSMUSG00000032518', 'ENSMUSG00000021917', 'ENSMUSG00000027620', 'ENSMUSG00000040385', 'ENSMUSG00000024217', 'ENSMUSG00000053565', 'ENSMUSG00000022365', 'ENSMUSG00000026740', 'ENSMUSG00000025580', 'ENSMUSG00000078812', 'ENSMUSG00000025616', 'ENSMUSG00000028840', 'ENSMUSG00000027404', 'ENSMUSG00000025971', 'ENSMUSG00000026864', 'ENSMUSG00000020415', 'ENSMUSG00000030224', 'ENSMUSG00000039630', 'ENSMUSG00000024387', 'ENSMUSG00000040824', 'ENSMUSG00000035530', 'ENSMUSG00000057278', 'ENSMUSG00000025920', 'ENSMUSG00000062997', 'ENSMUSG00000090553', 'ENSMUSG00000078974', 'ENSMUSG00000052253', 'ENSMUSG00000031388', 'ENSMUSG00000014504', 'ENSMUSG00000003438', 'ENSMUSG00000018442', 'ENSMUSG00000027642', 'ENSMUSG00000007892']"
23,24,d4,GO:0019843,rRNA binding,25/1456,75/22537,3.3567870332965995e-12,1.02382004515546e-09,8.76298088692166e-10,ENSMUSG00000017404/ENSMUSG00000057113/ENSMUSG00000012848/ENSMUSG00000058558/ENSMUSG00000029066/ENSMUSG00000071415/ENSMUSG00000038900/ENSMUSG00000045193/ENSMUSG00000029614/ENSMUSG00000062328/ENSMUSG00000039680/ENSMUSG00000003429/ENSMUSG00000004268/ENSMUSG00000047215/ENSMUSG00000058546/ENSMUSG00000024902/ENSMUSG00000034211/ENSMUSG00000032288/ENSMUSG00000043716/ENSMUSG00000057388/ENSMUSG00000026273/ENSMUSG00000090862/ENSMUSG00000059291/ENSMUSG00000060036/ENSMUSG00000047084,25,"['ENSMUSG00000017404', 'ENSMUSG00000057113', 'ENSMUSG00000012848', 'ENSMUSG00000058558', 'ENSMUSG00000029066', 'ENSMUSG00000071415', 'ENSMUSG00000038900', 'ENSMUSG00000045193', 'ENSMUSG00000029614', 'ENSMUSG00000062328', 'ENSMUSG00000039680', 'ENSMUSG00000003429', 'ENSMUSG00000004268', 'ENSMUSG00000047215', 'ENSMUSG00000058546', 'ENSMUSG00000024902', 'ENSMUSG00000034211', 'ENSMUSG00000032288', 'ENSMUSG00000043716', 'ENSMUSG00000057388', 'ENSMUSG00000026273', 'ENSMUSG00000090862', 'ENSMUSG00000059291', 'ENSMUSG00000060036', 'ENSMUSG00000047084']"
24,25,d4,GO:0003729,mRNA binding,60/1456,353/22537,5.03935712904723e-12,1.1527529432695501e-09,9.86653080002931e-10,ENSMUSG00000030795/ENSMUSG00000021546/ENSMUSG00000028034/ENSMUSG00000022283/ENSMUSG00000039218/ENSMUSG00000063511/ENSMUSG00000037361/ENSMUSG00000012848/ENSMUSG00000036371/ENSMUSG00000020863/ENSMUSG00000010608/ENSMUSG00000058558/ENSMUSG00000001056/ENSMUSG00000068882/ENSMUSG00000038374/ENSMUSG00000025580/ENSMUSG00000045193/ENSMUSG00000030057/ENSMUSG00000029614/ENSMUSG00000037058/ENSMUSG00000032294/ENSMUSG00000022370/ENSMUSG00000059208/ENSMUSG00000037475/ENSMUSG00000078676/ENSMUSG00000034681/ENSMUSG00000004642/ENSMUSG00000020741/ENSMUSG00000098274/ENSMUSG00000020900/ENSMUSG00000005610/ENSMUSG00000030224/ENSMUSG00000039630/ENSMUSG00000034088/ENSMUSG00000071337/ENSMUSG00000001017/ENSMUSG00000025362/ENSMUSG00000029823/ENSMUSG00000028639/ENSMUSG00000025920/ENSMUSG00000043716/ENSMUSG00000008393/ENSMUSG00000062997/ENSMUSG00000061477/ENSMUSG00000053536/ENSMUSG00000015165/ENSMUSG00000040482/ENSMUSG00000042354/ENSMUSG00000090862/ENSMUSG00000028134/ENSMUSG00000024949/ENSMUSG00000025982/ENSMUSG00000005846/ENSMUSG00000021040/ENSMUSG00000035851/ENSMUSG00000066037/ENSMUSG00000039640/ENSMUSG00000028114/ENSMUSG00000044533/ENSMUSG00000028081,60,"['ENSMUSG00000030795', 'ENSMUSG00000021546', 'ENSMUSG00000028034', 'ENSMUSG00000022283', 'ENSMUSG00000039218', 'ENSMUSG00000063511', 'ENSMUSG00000037361', 'ENSMUSG00000012848', 'ENSMUSG00000036371', 'ENSMUSG00000020863', 'ENSMUSG00000010608', 'ENSMUSG00000058558', 'ENSMUSG00000001056', 'ENSMUSG00000068882', 'ENSMUSG00000038374', 'ENSMUSG00000025580', 'ENSMUSG00000045193', 'ENSMUSG00000030057', 'ENSMUSG00000029614', 'ENSMUSG00000037058', 'ENSMUSG00000032294', 'ENSMUSG00000022370', 'ENSMUSG00000059208', 'ENSMUSG00000037475', 'ENSMUSG00000078676', 'ENSMUSG00000034681', 'ENSMUSG00000004642', 'ENSMUSG00000020741', 'ENSMUSG00000098274', 'ENSMUSG00000020900', 'ENSMUSG00000005610', 'ENSMUSG00000030224', 'ENSMUSG00000039630', 'ENSMUSG00000034088', 'ENSMUSG00000071337', 'ENSMUSG00000001017', 'ENSMUSG00000025362', 'ENSMUSG00000029823', 'ENSMUSG00000028639', 'ENSMUSG00000025920', 'ENSMUSG00000043716', 'ENSMUSG00000008393', 'ENSMUSG00000062997', 'ENSMUSG00000061477', 'ENSMUSG00000053536', 'ENSMUSG00000015165', 'ENSMUSG00000040482', 'ENSMUSG00000042354', 'ENSMUSG00000090862', 'ENSMUSG00000028134', 'ENSMUSG00000024949', 'ENSMUSG00000025982', 'ENSMUSG00000005846', 'ENSMUSG00000021040', 'ENSMUSG00000035851', 'ENSMUSG00000066037', 'ENSMUSG00000039640', 'ENSMUSG00000028114', 'ENSMUSG00000044533', 'ENSMUSG00000028081']"
25,26,d4,GO:0005201,extracellular matrix structural constituent,35/1456,145/22537,7.21076163487963e-12,1.31956937918297e-09,1.1294329802843e-09,ENSMUSG00000048126/ENSMUSG00000032332/ENSMUSG00000029661/ENSMUSG00000021806/ENSMUSG00000064080/ENSMUSG00000026478/ENSMUSG00000019929/ENSMUSG00000018593/ENSMUSG00000029675/ENSMUSG00000021186/ENSMUSG00000060572/ENSMUSG00000028776/ENSMUSG00000040690/ENSMUSG00000019899/ENSMUSG00000036256/ENSMUSG00000002900/ENSMUSG00000034463/ENSMUSG00000001119/ENSMUSG00000031375/ENSMUSG00000031503/ENSMUSG00000020241/ENSMUSG00000026837/ENSMUSG00000028339/ENSMUSG00000005397/ENSMUSG00000042436/ENSMUSG00000026042/ENSMUSG00000001506/ENSMUSG00000055632/ENSMUSG00000066842/ENSMUSG00000031502/ENSMUSG00000006369/ENSMUSG00000030605/ENSMUSG00000001435/ENSMUSG00000031253/ENSMUSG00000030116,35,"['ENSMUSG00000048126', 'ENSMUSG00000032332', 'ENSMUSG00000029661', 'ENSMUSG00000021806', 'ENSMUSG00000064080', 'ENSMUSG00000026478', 'ENSMUSG00000019929', 'ENSMUSG00000018593', 'ENSMUSG00000029675', 'ENSMUSG00000021186', 'ENSMUSG00000060572', 'ENSMUSG00000028776', 'ENSMUSG00000040690', 'ENSMUSG00000019899', 'ENSMUSG00000036256', 'ENSMUSG00000002900', 'ENSMUSG00000034463', 'ENSMUSG00000001119', 'ENSMUSG00000031375', 'ENSMUSG00000031503', 'ENSMUSG00000020241', 'ENSMUSG00000026837', 'ENSMUSG00000028339', 'ENSMUSG00000005397', 'ENSMUSG00000042436', 'ENSMUSG00000026042', 'ENSMUSG00000001506', 'ENSMUSG00000055632', 'ENSMUSG00000066842', 'ENSMUSG00000031502', 'ENSMUSG00000006369', 'ENSMUSG00000030605', 'ENSMUSG00000001435', 'ENSMUSG00000031253', 'ENSMUSG00000030116']"
26,27,d4,GO:0051082,unfolded protein binding,22/1456,87/22537,2.23342694056053e-08,3.4059760843548e-06,2.91520990136321e-06,ENSMUSG00000057113/ENSMUSG00000001416/ENSMUSG00000024309/ENSMUSG00000020368/ENSMUSG00000032060/ENSMUSG00000004460/ENSMUSG00000001289/ENSMUSG00000007739/ENSMUSG00000029131/ENSMUSG00000093904/ENSMUSG00000026864/ENSMUSG00000022403/ENSMUSG00000052033/ENSMUSG00000030007/ENSMUSG00000068039/ENSMUSG00000029198/ENSMUSG00000070436/ENSMUSG00000028410/ENSMUSG00000031197/ENSMUSG00000006412/ENSMUSG00000038086/ENSMUSG00000028851,22,"['ENSMUSG00000057113', 'ENSMUSG00000001416', 'ENSMUSG00000024309', 'ENSMUSG00000020368', 'ENSMUSG00000032060', 'ENSMUSG00000004460', 'ENSMUSG00000001289', 'ENSMUSG00000007739', 'ENSMUSG00000029131', 'ENSMUSG00000093904', 'ENSMUSG00000026864', 'ENSMUSG00000022403', 'ENSMUSG00000052033', 'ENSMUSG00000030007', 'ENSMUSG00000068039', 'ENSMUSG00000029198', 'ENSMUSG00000070436', 'ENSMUSG00000028410', 'ENSMUSG00000031197', 'ENSMUSG00000006412', 'ENSMUSG00000038086', 'ENSMUSG00000028851']"
27,28,d4,GO:0045182,translation regulator activity,28/1456,138/22537,5.30613862698566e-08,6.93588120527411e-06,5.9364919375599e-06,ENSMUSG00000008682/ENSMUSG00000055762/ENSMUSG00000020372/ENSMUSG00000036781/ENSMUSG00000028798/ENSMUSG00000021282/ENSMUSG00000036371/ENSMUSG00000022884/ENSMUSG00000053565/ENSMUSG00000071644/ENSMUSG00000078812/ENSMUSG00000045193/ENSMUSG00000030057/ENSMUSG00000000355/ENSMUSG00000037058/ENSMUSG00000033047/ENSMUSG00000059796/ENSMUSG00000040731/ENSMUSG00000074895/ENSMUSG00000070319/ENSMUSG00000005610/ENSMUSG00000022336/ENSMUSG00000031029/ENSMUSG00000018858/ENSMUSG00000035530/ENSMUSG00000025967/ENSMUSG00000027170/ENSMUSG00000035064,28,"['ENSMUSG00000008682', 'ENSMUSG00000055762', 'ENSMUSG00000020372', 'ENSMUSG00000036781', 'ENSMUSG00000028798', 'ENSMUSG00000021282', 'ENSMUSG00000036371', 'ENSMUSG00000022884', 'ENSMUSG00000053565', 'ENSMUSG00000071644', 'ENSMUSG00000078812', 'ENSMUSG00000045193', 'ENSMUSG00000030057', 'ENSMUSG00000000355', 'ENSMUSG00000037058', 'ENSMUSG00000033047', 'ENSMUSG00000059796', 'ENSMUSG00000040731', 'ENSMUSG00000074895', 'ENSMUSG00000070319', 'ENSMUSG00000005610', 'ENSMUSG00000022336', 'ENSMUSG00000031029', 'ENSMUSG00000018858', 'ENSMUSG00000035530', 'ENSMUSG00000025967', 'ENSMUSG00000027170', 'ENSMUSG00000035064']"
28,29,d4,GO:0008135,"translation factor activity, RNA binding",21/1456,85/22537,7.18352899776306e-08,8.2161612911915e-06,7.03229680833647e-06,ENSMUSG00000055762/ENSMUSG00000028798/ENSMUSG00000021282/ENSMUSG00000022884/ENSMUSG00000053565/ENSMUSG00000071644/ENSMUSG00000078812/ENSMUSG00000000355/ENSMUSG00000033047/ENSMUSG00000059796/ENSMUSG00000040731/ENSMUSG00000074895/ENSMUSG00000070319/ENSMUSG00000005610/ENSMUSG00000022336/ENSMUSG00000031029/ENSMUSG00000018858/ENSMUSG00000035530/ENSMUSG00000025967/ENSMUSG00000027170/ENSMUSG00000035064,21,"['ENSMUSG00000055762', 'ENSMUSG00000028798', 'ENSMUSG00000021282', 'ENSMUSG00000022884', 'ENSMUSG00000053565', 'ENSMUSG00000071644', 'ENSMUSG00000078812', 'ENSMUSG00000000355', 'ENSMUSG00000033047', 'ENSMUSG00000059796', 'ENSMUSG00000040731', 'ENSMUSG00000074895', 'ENSMUSG00000070319', 'ENSMUSG00000005610', 'ENSMUSG00000022336', 'ENSMUSG00000031029', 'ENSMUSG00000018858', 'ENSMUSG00000035530', 'ENSMUSG00000025967', 'ENSMUSG00000027170', 'ENSMUSG00000035064']"
29,30,d4,GO:0090079,"translation regulator activity, nucleic acid binding",23/1456,104/22537,1.57117402916277e-07,1.59736026298215e-05,1.36719704993813e-05,ENSMUSG00000055762/ENSMUSG00000036781/ENSMUSG00000028798/ENSMUSG00000021282/ENSMUSG00000022884/ENSMUSG00000053565/ENSMUSG00000071644/ENSMUSG00000078812/ENSMUSG00000000355/ENSMUSG00000037058/ENSMUSG00000033047/ENSMUSG00000059796/ENSMUSG00000040731/ENSMUSG00000074895/ENSMUSG00000070319/ENSMUSG00000005610/ENSMUSG00000022336/ENSMUSG00000031029/ENSMUSG00000018858/ENSMUSG00000035530/ENSMUSG00000025967/ENSMUSG00000027170/ENSMUSG00000035064,23,"['ENSMUSG00000055762', 'ENSMUSG00000036781', 'ENSMUSG00000028798', 'ENSMUSG00000021282', 'ENSMUSG00000022884', 'ENSMUSG00000053565', 'ENSMUSG00000071644', 'ENSMUSG00000078812', 'ENSMUSG00000000355', 'ENSMUSG00000037058', 'ENSMUSG00000033047', 'ENSMUSG00000059796', 'ENSMUSG00000040731', 'ENSMUSG00000074895', 'ENSMUSG00000070319', 'ENSMUSG00000005610', 'ENSMUSG00000022336', 'ENSMUSG00000031029', 'ENSMUSG00000018858', 'ENSMUSG00000035530', 'ENSMUSG00000025967', 'ENSMUSG00000027170', 'ENSMUSG00000035064']"
30,31,d4,GO:0070990,snRNP binding,8/1456,13/22537,2.85970384044577e-07,2.61662901400788e-05,2.23959963925437e-05,ENSMUSG00000063511/ENSMUSG00000027620/ENSMUSG00000024217/ENSMUSG00000027404/ENSMUSG00000030224/ENSMUSG00000040824/ENSMUSG00000057278/ENSMUSG00000090553,8,"['ENSMUSG00000063511', 'ENSMUSG00000027620', 'ENSMUSG00000024217', 'ENSMUSG00000027404', 'ENSMUSG00000030224', 'ENSMUSG00000040824', 'ENSMUSG00000057278', 'ENSMUSG00000090553']"
31,32,d4,GO:1990446,U1 snRNP binding,7/1456,10/22537,4.67494840012846e-07,3.88870707828867e-05,3.32838431549816e-05,ENSMUSG00000063511/ENSMUSG00000027620/ENSMUSG00000024217/ENSMUSG00000027404/ENSMUSG00000040824/ENSMUSG00000057278/ENSMUSG00000090553,7,"['ENSMUSG00000063511', 'ENSMUSG00000027620', 'ENSMUSG00000024217', 'ENSMUSG00000027404', 'ENSMUSG00000040824', 'ENSMUSG00000057278', 'ENSMUSG00000090553']"
32,33,d4,GO:0030020,extracellular matrix structural constituent conferring tensile strength,14/1456,45/22537,5.18164538211701e-07,3.93932794309429e-05,3.3717112334336e-05,ENSMUSG00000048126/ENSMUSG00000032332/ENSMUSG00000029661/ENSMUSG00000040690/ENSMUSG00000034463/ENSMUSG00000001119/ENSMUSG00000031503/ENSMUSG00000020241/ENSMUSG00000026837/ENSMUSG00000028339/ENSMUSG00000026042/ENSMUSG00000001506/ENSMUSG00000031502/ENSMUSG00000001435,14,"['ENSMUSG00000048126', 'ENSMUSG00000032332', 'ENSMUSG00000029661', 'ENSMUSG00000040690', 'ENSMUSG00000034463', 'ENSMUSG00000001119', 'ENSMUSG00000031503', 'ENSMUSG00000020241', 'ENSMUSG00000026837', 'ENSMUSG00000028339', 'ENSMUSG00000026042', 'ENSMUSG00000001506', 'ENSMUSG00000031502', 'ENSMUSG00000001435']"
33,34,d4,GO:0042625,ATPase-coupled ion transmembrane transporter activity,10/1456,23/22537,6.45791466081031e-07,3.93932794309429e-05,3.3717112334336e-05,ENSMUSG00000015575/ENSMUSG00000006273/ENSMUSG00000024121/ENSMUSG00000022295/ENSMUSG00000033379/ENSMUSG00000039105/ENSMUSG00000004285/ENSMUSG00000013160/ENSMUSG00000021114/ENSMUSG00000025393,10,"['ENSMUSG00000015575', 'ENSMUSG00000006273', 'ENSMUSG00000024121', 'ENSMUSG00000022295', 'ENSMUSG00000033379', 'ENSMUSG00000039105', 'ENSMUSG00000004285', 'ENSMUSG00000013160', 'ENSMUSG00000021114', 'ENSMUSG00000025393']"
34,35,d4,GO:0044769,"ATPase activity, coupled to transmembrane movement of ions, rotational mechanism",10/1456,23/22537,6.45791466081031e-07,3.93932794309429e-05,3.3717112334336e-05,ENSMUSG00000015575/ENSMUSG00000006273/ENSMUSG00000024121/ENSMUSG00000022295/ENSMUSG00000033379/ENSMUSG00000039105/ENSMUSG00000004285/ENSMUSG00000013160/ENSMUSG00000021114/ENSMUSG00000025393,10,"['ENSMUSG00000015575', 'ENSMUSG00000006273', 'ENSMUSG00000024121', 'ENSMUSG00000022295', 'ENSMUSG00000033379', 'ENSMUSG00000039105', 'ENSMUSG00000004285', 'ENSMUSG00000013160', 'ENSMUSG00000021114', 'ENSMUSG00000025393']"
35,36,d4,GO:0046961,"proton-transporting ATPase activity, rotational mechanism",10/1456,23/22537,6.45791466081031e-07,3.93932794309429e-05,3.3717112334336e-05,ENSMUSG00000015575/ENSMUSG00000006273/ENSMUSG00000024121/ENSMUSG00000022295/ENSMUSG00000033379/ENSMUSG00000039105/ENSMUSG00000004285/ENSMUSG00000013160/ENSMUSG00000021114/ENSMUSG00000025393,10,"['ENSMUSG00000015575', 'ENSMUSG00000006273', 'ENSMUSG00000024121', 'ENSMUSG00000022295', 'ENSMUSG00000033379', 'ENSMUSG00000039105', 'ENSMUSG00000004285', 'ENSMUSG00000013160', 'ENSMUSG00000021114', 'ENSMUSG00000025393']"
36,37,d4,GO:0015399,primary active transmembrane transporter activity,26/1456,141/22537,1.10082034679671e-06,6.29531635824367e-05,5.38822590800494e-05,ENSMUSG00000015575/ENSMUSG00000025968/ENSMUSG00000006273/ENSMUSG00000024121/ENSMUSG00000022295/ENSMUSG00000033379/ENSMUSG00000022822/ENSMUSG00000039105/ENSMUSG00000022551/ENSMUSG00000000088/ENSMUSG00000004285/ENSMUSG00000033938/ENSMUSG00000059734/ENSMUSG00000093904/ENSMUSG00000013160/ENSMUSG00000026260/ENSMUSG00000030730/ENSMUSG00000029467/ENSMUSG00000037916/ENSMUSG00000021114/ENSMUSG00000019943/ENSMUSG00000027712/ENSMUSG00000025393/ENSMUSG00000038717/ENSMUSG00000026944/ENSMUSG00000020153,26,"['ENSMUSG00000015575', 'ENSMUSG00000025968', 'ENSMUSG00000006273', 'ENSMUSG00000024121', 'ENSMUSG00000022295', 'ENSMUSG00000033379', 'ENSMUSG00000022822', 'ENSMUSG00000039105', 'ENSMUSG00000022551', 'ENSMUSG00000000088', 'ENSMUSG00000004285', 'ENSMUSG00000033938', 'ENSMUSG00000059734', 'ENSMUSG00000093904', 'ENSMUSG00000013160', 'ENSMUSG00000026260', 'ENSMUSG00000030730', 'ENSMUSG00000029467', 'ENSMUSG00000037916', 'ENSMUSG00000021114', 'ENSMUSG00000019943', 'ENSMUSG00000027712', 'ENSMUSG00000025393', 'ENSMUSG00000038717', 'ENSMUSG00000026944', 'ENSMUSG00000020153']"
37,38,d4,GO:0003779,actin binding,56/1456,447/22537,1.5477506073491e-06,8.33054003367307e-05,7.13019474840698e-05,ENSMUSG00000029761/ENSMUSG00000029622/ENSMUSG00000018340/ENSMUSG00000028116/ENSMUSG00000008475/ENSMUSG00000056201/ENSMUSG00000009687/ENSMUSG00000061723/ENSMUSG00000049134/ENSMUSG00000028464/ENSMUSG00000053931/ENSMUSG00000020315/ENSMUSG00000030770/ENSMUSG00000061086/ENSMUSG00000029465/ENSMUSG00000079426/ENSMUSG00000026755/ENSMUSG00000015804/ENSMUSG00000025813/ENSMUSG00000006304/ENSMUSG00000052727/ENSMUSG00000031636/ENSMUSG00000031799/ENSMUSG00000038775/ENSMUSG00000079523/ENSMUSG00000021493/ENSMUSG00000025026/ENSMUSG00000025130/ENSMUSG00000028273/ENSMUSG00000028649/ENSMUSG00000026950/ENSMUSG00000026418/ENSMUSG00000058056/ENSMUSG00000063450/ENSMUSG00000029581/ENSMUSG00000032366/ENSMUSG00000020900/ENSMUSG00000034595/ENSMUSG00000039630/ENSMUSG00000005417/ENSMUSG00000022836/ENSMUSG00000019433/ENSMUSG00000018293/ENSMUSG00000031078/ENSMUSG00000027115/ENSMUSG00000009073/ENSMUSG00000055775/ENSMUSG00000023277/ENSMUSG00000052374/ENSMUSG00000070462/ENSMUSG00000022451/ENSMUSG00000026131/ENSMUSG00000062929/ENSMUSG00000018417/ENSMUSG00000040699/ENSMUSG00000042895,56,"['ENSMUSG00000029761', 'ENSMUSG00000029622', 'ENSMUSG00000018340', 'ENSMUSG00000028116', 'ENSMUSG00000008475', 'ENSMUSG00000056201', 'ENSMUSG00000009687', 'ENSMUSG00000061723', 'ENSMUSG00000049134', 'ENSMUSG00000028464', 'ENSMUSG00000053931', 'ENSMUSG00000020315', 'ENSMUSG00000030770', 'ENSMUSG00000061086', 'ENSMUSG00000029465', 'ENSMUSG00000079426', 'ENSMUSG00000026755', 'ENSMUSG00000015804', 'ENSMUSG00000025813', 'ENSMUSG00000006304', 'ENSMUSG00000052727', 'ENSMUSG00000031636', 'ENSMUSG00000031799', 'ENSMUSG00000038775', 'ENSMUSG00000079523', 'ENSMUSG00000021493', 'ENSMUSG00000025026', 'ENSMUSG00000025130', 'ENSMUSG00000028273', 'ENSMUSG00000028649', 'ENSMUSG00000026950', 'ENSMUSG00000026418', 'ENSMUSG00000058056', 'ENSMUSG00000063450', 'ENSMUSG00000029581', 'ENSMUSG00000032366', 'ENSMUSG00000020900', 'ENSMUSG00000034595', 'ENSMUSG00000039630', 'ENSMUSG00000005417', 'ENSMUSG00000022836', 'ENSMUSG00000019433', 'ENSMUSG00000018293', 'ENSMUSG00000031078', 'ENSMUSG00000027115', 'ENSMUSG00000009073', 'ENSMUSG00000055775', 'ENSMUSG00000023277', 'ENSMUSG00000052374', 'ENSMUSG00000070462', 'ENSMUSG00000022451', 'ENSMUSG00000026131', 'ENSMUSG00000062929', 'ENSMUSG00000018417', 'ENSMUSG00000040699', 'ENSMUSG00000042895']"
38,39,d4,GO:0003743,translation initiation factor activity,15/1456,56/22537,1.73528801454406e-06,8.82104740726564e-05,7.55002504573556e-05,ENSMUSG00000028798/ENSMUSG00000021282/ENSMUSG00000022884/ENSMUSG00000053565/ENSMUSG00000000355/ENSMUSG00000033047/ENSMUSG00000059796/ENSMUSG00000040731/ENSMUSG00000074895/ENSMUSG00000070319/ENSMUSG00000005610/ENSMUSG00000022336/ENSMUSG00000031029/ENSMUSG00000035530/ENSMUSG00000027170,15,"['ENSMUSG00000028798', 'ENSMUSG00000021282', 'ENSMUSG00000022884', 'ENSMUSG00000053565', 'ENSMUSG00000000355', 'ENSMUSG00000033047', 'ENSMUSG00000059796', 'ENSMUSG00000040731', 'ENSMUSG00000074895', 'ENSMUSG00000070319', 'ENSMUSG00000005610', 'ENSMUSG00000022336', 'ENSMUSG00000031029', 'ENSMUSG00000035530', 'ENSMUSG00000027170']"
39,40,d4,GO:0019829,ATPase-coupled monoatomic cation transmembrane transporter activity,15/1456,57/22537,2.21520219053396e-06,0.0001066794739125,9.1308057050264e-05,ENSMUSG00000015575/ENSMUSG00000006273/ENSMUSG00000024121/ENSMUSG00000022295/ENSMUSG00000033379/ENSMUSG00000039105/ENSMUSG00000004285/ENSMUSG00000013160/ENSMUSG00000030730/ENSMUSG00000029467/ENSMUSG00000021114/ENSMUSG00000019943/ENSMUSG00000027712/ENSMUSG00000025393/ENSMUSG00000038717,15,"['ENSMUSG00000015575', 'ENSMUSG00000006273', 'ENSMUSG00000024121', 'ENSMUSG00000022295', 'ENSMUSG00000033379', 'ENSMUSG00000039105', 'ENSMUSG00000004285', 'ENSMUSG00000013160', 'ENSMUSG00000030730', 'ENSMUSG00000029467', 'ENSMUSG00000021114', 'ENSMUSG00000019943', 'ENSMUSG00000027712', 'ENSMUSG00000025393', 'ENSMUSG00000038717']"
40,41,d4,GO:0005200,structural constituent of cytoskeleton,17/1456,73/22537,3.00427445482135e-06,0.000137445556308,0.0001176410628624,ENSMUSG00000029622/ENSMUSG00000008475/ENSMUSG00000020061/ENSMUSG00000028464/ENSMUSG00000020315/ENSMUSG00000072235/ENSMUSG00000057897/ENSMUSG00000029465/ENSMUSG00000058672/ENSMUSG00000079426/ENSMUSG00000006304/ENSMUSG00000025026/ENSMUSG00000001473/ENSMUSG00000036752/ENSMUSG00000032366/ENSMUSG00000069601/ENSMUSG00000045136,17,"['ENSMUSG00000029622', 'ENSMUSG00000008475', 'ENSMUSG00000020061', 'ENSMUSG00000028464', 'ENSMUSG00000020315', 'ENSMUSG00000072235', 'ENSMUSG00000057897', 'ENSMUSG00000029465', 'ENSMUSG00000058672', 'ENSMUSG00000079426', 'ENSMUSG00000006304', 'ENSMUSG00000025026', 'ENSMUSG00000001473', 'ENSMUSG00000036752', 'ENSMUSG00000032366', 'ENSMUSG00000069601', 'ENSMUSG00000045136']"
41,42,d4,GO:0003712,transcription coregulator activity,59/1456,495/22537,4.08168617079778e-06,0.0001778448974419,0.000152219273738,ENSMUSG00000022338/ENSMUSG00000030795/ENSMUSG00000029440/ENSMUSG00000029478/ENSMUSG00000057113/ENSMUSG00000038722/ENSMUSG00000020423/ENSMUSG00000052293/ENSMUSG00000024803/ENSMUSG00000063524/ENSMUSG00000078941/ENSMUSG00000020397/ENSMUSG00000022255/ENSMUSG00000025151/ENSMUSG00000034269/ENSMUSG00000049800/ENSMUSG00000024218/ENSMUSG00000061650/ENSMUSG00000022521/ENSMUSG00000032294/ENSMUSG00000031622/ENSMUSG00000003444/ENSMUSG00000021359/ENSMUSG00000025616/ENSMUSG00000031839/ENSMUSG00000038773/ENSMUSG00000022205/ENSMUSG00000055839/ENSMUSG00000038965/ENSMUSG00000015092/ENSMUSG00000030213/ENSMUSG00000061887/ENSMUSG00000009079/ENSMUSG00000030801/ENSMUSG00000039630/ENSMUSG00000038056/ENSMUSG00000048154/ENSMUSG00000053477/ENSMUSG00000065954/ENSMUSG00000038845/ENSMUSG00000007721/ENSMUSG00000038622/ENSMUSG00000006050/ENSMUSG00000024498/ENSMUSG00000025917/ENSMUSG00000052374/ENSMUSG00000027206/ENSMUSG00000000581/ENSMUSG00000022019/ENSMUSG00000028899/ENSMUSG00000035960/ENSMUSG00000001472/ENSMUSG00000026434/ENSMUSG00000029655/ENSMUSG00000040097/ENSMUSG00000014402/ENSMUSG00000030291/ENSMUSG00000020801/ENSMUSG00000038954,59,"['ENSMUSG00000022338', 'ENSMUSG00000030795', 'ENSMUSG00000029440', 'ENSMUSG00000029478', 'ENSMUSG00000057113', 'ENSMUSG00000038722', 'ENSMUSG00000020423', 'ENSMUSG00000052293', 'ENSMUSG00000024803', 'ENSMUSG00000063524', 'ENSMUSG00000078941', 'ENSMUSG00000020397', 'ENSMUSG00000022255', 'ENSMUSG00000025151', 'ENSMUSG00000034269', 'ENSMUSG00000049800', 'ENSMUSG00000024218', 'ENSMUSG00000061650', 'ENSMUSG00000022521', 'ENSMUSG00000032294', 'ENSMUSG00000031622', 'ENSMUSG00000003444', 'ENSMUSG00000021359', 'ENSMUSG00000025616', 'ENSMUSG00000031839', 'ENSMUSG00000038773', 'ENSMUSG00000022205', 'ENSMUSG00000055839', 'ENSMUSG00000038965', 'ENSMUSG00000015092', 'ENSMUSG00000030213', 'ENSMUSG00000061887', 'ENSMUSG00000009079', 'ENSMUSG00000030801', 'ENSMUSG00000039630', 'ENSMUSG00000038056', 'ENSMUSG00000048154', 'ENSMUSG00000053477', 'ENSMUSG00000065954', 'ENSMUSG00000038845', 'ENSMUSG00000007721', 'ENSMUSG00000038622', 'ENSMUSG00000006050', 'ENSMUSG00000024498', 'ENSMUSG00000025917', 'ENSMUSG00000052374', 'ENSMUSG00000027206', 'ENSMUSG00000000581', 'ENSMUSG00000022019', 'ENSMUSG00000028899', 'ENSMUSG00000035960', 'ENSMUSG00000001472', 'ENSMUSG00000026434', 'ENSMUSG00000029655', 'ENSMUSG00000040097', 'ENSMUSG00000014402', 'ENSMUSG00000030291', 'ENSMUSG00000020801', 'ENSMUSG00000038954']"
42,43,d4,GO:0031386,protein tag activity,7/1456,13/22537,5.62258581119544e-06,0.0002065803121598,0.0001768142102351,ENSMUSG00000090137/ENSMUSG00000020265/ENSMUSG00000010376/ENSMUSG00000008348/ENSMUSG00000084786/ENSMUSG00000019505/ENSMUSG00000020738,7,"['ENSMUSG00000090137', 'ENSMUSG00000020265', 'ENSMUSG00000010376', 'ENSMUSG00000008348', 'ENSMUSG00000084786', 'ENSMUSG00000019505', 'ENSMUSG00000020738']"
43,44,d4,GO:0141047,molecular tag activity,7/1456,13/22537,5.62258581119544e-06,0.0002065803121598,0.0001768142102351,ENSMUSG00000090137/ENSMUSG00000020265/ENSMUSG00000010376/ENSMUSG00000008348/ENSMUSG00000084786/ENSMUSG00000019505/ENSMUSG00000020738,7,"['ENSMUSG00000090137', 'ENSMUSG00000020265', 'ENSMUSG00000010376', 'ENSMUSG00000008348', 'ENSMUSG00000084786', 'ENSMUSG00000019505', 'ENSMUSG00000020738']"
44,45,d4,GO:0015036,disulfide oxidoreductase activity,11/1456,34/22537,5.64427082403964e-06,0.0002065803121598,0.0001768142102351,ENSMUSG00000033684/ENSMUSG00000024583/ENSMUSG00000025130/ENSMUSG00000020803/ENSMUSG00000028367/ENSMUSG00000025068/ENSMUSG00000034723/ENSMUSG00000020571/ENSMUSG00000005354/ENSMUSG00000021591/ENSMUSG00000031584,11,"['ENSMUSG00000033684', 'ENSMUSG00000024583', 'ENSMUSG00000025130', 'ENSMUSG00000020803', 'ENSMUSG00000028367', 'ENSMUSG00000025068', 'ENSMUSG00000034723', 'ENSMUSG00000020571', 'ENSMUSG00000005354', 'ENSMUSG00000021591', 'ENSMUSG00000031584']"
45,46,d4,GO:0140597,protein carrier chaperone,11/1456,34/22537,5.64427082403964e-06,0.0002065803121598,0.0001768142102351,ENSMUSG00000005069/ENSMUSG00000058799/ENSMUSG00000027076/ENSMUSG00000022217/ENSMUSG00000055943/ENSMUSG00000031819/ENSMUSG00000027282/ENSMUSG00000027131/ENSMUSG00000052456/ENSMUSG00000015749/ENSMUSG00000008958,11,"['ENSMUSG00000005069', 'ENSMUSG00000058799', 'ENSMUSG00000027076', 'ENSMUSG00000022217', 'ENSMUSG00000055943', 'ENSMUSG00000031819', 'ENSMUSG00000027282', 'ENSMUSG00000027131', 'ENSMUSG00000052456', 'ENSMUSG00000015749', 'ENSMUSG00000008958']"
46,47,d4,GO:0003713,transcription coactivator activity,37/1456,266/22537,8.78820310951019e-06,0.0003092771478923,0.0002647134863755,ENSMUSG00000022338/ENSMUSG00000030795/ENSMUSG00000029440/ENSMUSG00000057113/ENSMUSG00000038722/ENSMUSG00000052293/ENSMUSG00000024803/ENSMUSG00000078941/ENSMUSG00000022255/ENSMUSG00000025151/ENSMUSG00000049800/ENSMUSG00000024218/ENSMUSG00000022521/ENSMUSG00000032294/ENSMUSG00000021359/ENSMUSG00000025616/ENSMUSG00000022205/ENSMUSG00000055839/ENSMUSG00000038965/ENSMUSG00000015092/ENSMUSG00000061887/ENSMUSG00000030801/ENSMUSG00000038056/ENSMUSG00000048154/ENSMUSG00000065954/ENSMUSG00000007721/ENSMUSG00000038622/ENSMUSG00000006050/ENSMUSG00000025917/ENSMUSG00000052374/ENSMUSG00000022019/ENSMUSG00000028899/ENSMUSG00000035960/ENSMUSG00000026434/ENSMUSG00000014402/ENSMUSG00000030291/ENSMUSG00000038954,37,"['ENSMUSG00000022338', 'ENSMUSG00000030795', 'ENSMUSG00000029440', 'ENSMUSG00000057113', 'ENSMUSG00000038722', 'ENSMUSG00000052293', 'ENSMUSG00000024803', 'ENSMUSG00000078941', 'ENSMUSG00000022255', 'ENSMUSG00000025151', 'ENSMUSG00000049800', 'ENSMUSG00000024218', 'ENSMUSG00000022521', 'ENSMUSG00000032294', 'ENSMUSG00000021359', 'ENSMUSG00000025616', 'ENSMUSG00000022205', 'ENSMUSG00000055839', 'ENSMUSG00000038965', 'ENSMUSG00000015092', 'ENSMUSG00000061887', 'ENSMUSG00000030801', 'ENSMUSG00000038056', 'ENSMUSG00000048154', 'ENSMUSG00000065954', 'ENSMUSG00000007721', 'ENSMUSG00000038622', 'ENSMUSG00000006050', 'ENSMUSG00000025917', 'ENSMUSG00000052374', 'ENSMUSG00000022019', 'ENSMUSG00000028899', 'ENSMUSG00000035960', 'ENSMUSG00000026434', 'ENSMUSG00000014402', 'ENSMUSG00000030291', 'ENSMUSG00000038954']"
47,48,d4,GO:0043022,ribosome binding,21/1456,114/22537,1.17397780751873e-05,0.0003939970561222,0.0003372261256887,ENSMUSG00000031167/ENSMUSG00000030082/ENSMUSG00000020372/ENSMUSG00000057113/ENSMUSG00000053317/ENSMUSG00000036371/ENSMUSG00000032518/ENSMUSG00000021917/ENSMUSG00000053565/ENSMUSG00000026740/ENSMUSG00000078812/ENSMUSG00000025616/ENSMUSG00000025971/ENSMUSG00000026864/ENSMUSG00000020415/ENSMUSG00000035530/ENSMUSG00000025920/ENSMUSG00000078974/ENSMUSG00000031388/ENSMUSG00000014504/ENSMUSG00000027642,21,"['ENSMUSG00000031167', 'ENSMUSG00000030082', 'ENSMUSG00000020372', 'ENSMUSG00000057113', 'ENSMUSG00000053317', 'ENSMUSG00000036371', 'ENSMUSG00000032518', 'ENSMUSG00000021917', 'ENSMUSG00000053565', 'ENSMUSG00000026740', 'ENSMUSG00000078812', 'ENSMUSG00000025616', 'ENSMUSG00000025971', 'ENSMUSG00000026864', 'ENSMUSG00000020415', 'ENSMUSG00000035530', 'ENSMUSG00000025920', 'ENSMUSG00000078974', 'ENSMUSG00000031388', 'ENSMUSG00000014504', 'ENSMUSG00000027642']"
48,49,d4,GO:1990948,ubiquitin ligase inhibitor activity,6/1456,10/22537,1.20567405152171e-05,0.0003939970561222,0.0003372261256887,ENSMUSG00000058558/ENSMUSG00000071415/ENSMUSG00000063457/ENSMUSG00000028234/ENSMUSG00000061477/ENSMUSG00000059291,6,"['ENSMUSG00000058558', 'ENSMUSG00000071415', 'ENSMUSG00000063457', 'ENSMUSG00000028234', 'ENSMUSG00000061477', 'ENSMUSG00000059291']"
49,50,d4,GO:0050840,extracellular matrix binding,14/1456,58/22537,1.42607936733414e-05,0.0004499526279692,0.0003851190741548,ENSMUSG00000064080/ENSMUSG00000019929/ENSMUSG00000018593/ENSMUSG00000029675/ENSMUSG00000032518/ENSMUSG00000028195/ENSMUSG00000028776/ENSMUSG00000052316/ENSMUSG00000031375/ENSMUSG00000005397/ENSMUSG00000023328/ENSMUSG00000038463/ENSMUSG00000045930/ENSMUSG00000029309,14,"['ENSMUSG00000064080', 'ENSMUSG00000019929', 'ENSMUSG00000018593', 'ENSMUSG00000029675', 'ENSMUSG00000032518', 'ENSMUSG00000028195', 'ENSMUSG00000028776', 'ENSMUSG00000052316', 'ENSMUSG00000031375', 'ENSMUSG00000005397', 'ENSMUSG00000023328', 'ENSMUSG00000038463', 'ENSMUSG00000045930', 'ENSMUSG00000029309']"
50,51,d4,GO:0008320,protein transmembrane transporter activity,8/1456,20/22537,1.85894960971723e-05,0.0005669796309637,0.0004852836875893,ENSMUSG00000030082/ENSMUSG00000021248/ENSMUSG00000031158/ENSMUSG00000022427/ENSMUSG00000013701/ENSMUSG00000093904/ENSMUSG00000078974/ENSMUSG00000002984,8,"['ENSMUSG00000030082', 'ENSMUSG00000021248', 'ENSMUSG00000031158', 'ENSMUSG00000022427', 'ENSMUSG00000013701', 'ENSMUSG00000093904', 'ENSMUSG00000078974', 'ENSMUSG00000002984']"
51,52,d4,GO:0022884,macromolecule transmembrane transporter activity,9/1456,26/22537,2.18618590202631e-05,0.0006452774517271,0.0005522995963013,ENSMUSG00000030082/ENSMUSG00000021248/ENSMUSG00000022822/ENSMUSG00000031158/ENSMUSG00000022427/ENSMUSG00000013701/ENSMUSG00000093904/ENSMUSG00000078974/ENSMUSG00000002984,9,"['ENSMUSG00000030082', 'ENSMUSG00000021248', 'ENSMUSG00000022822', 'ENSMUSG00000031158', 'ENSMUSG00000022427', 'ENSMUSG00000013701', 'ENSMUSG00000093904', 'ENSMUSG00000078974', 'ENSMUSG00000002984']"
52,53,d4,GO:0140104,molecular carrier activity,18/1456,94/22537,2.81940007594903e-05,0.0008061722092166,0.0006900110712191,ENSMUSG00000062797/ENSMUSG00000018585/ENSMUSG00000005069/ENSMUSG00000058799/ENSMUSG00000020290/ENSMUSG00000027076/ENSMUSG00000022217/ENSMUSG00000000131/ENSMUSG00000073940/ENSMUSG00000055943/ENSMUSG00000031819/ENSMUSG00000027282/ENSMUSG00000027131/ENSMUSG00000052456/ENSMUSG00000015749/ENSMUSG00000008450/ENSMUSG00000052305/ENSMUSG00000008958,18,"['ENSMUSG00000062797', 'ENSMUSG00000018585', 'ENSMUSG00000005069', 'ENSMUSG00000058799', 'ENSMUSG00000020290', 'ENSMUSG00000027076', 'ENSMUSG00000022217', 'ENSMUSG00000000131', 'ENSMUSG00000073940', 'ENSMUSG00000055943', 'ENSMUSG00000031819', 'ENSMUSG00000027282', 'ENSMUSG00000027131', 'ENSMUSG00000052456', 'ENSMUSG00000015749', 'ENSMUSG00000008450', 'ENSMUSG00000052305', 'ENSMUSG00000008958']"
53,54,d4,GO:0032977,membrane insertase activity,7/1456,17/22537,5.06298123665845e-05,0.0014038266156189,0.0012015496140586,ENSMUSG00000027076/ENSMUSG00000022217/ENSMUSG00000055943/ENSMUSG00000031819/ENSMUSG00000027282/ENSMUSG00000027131/ENSMUSG00000052456,7,"['ENSMUSG00000027076', 'ENSMUSG00000022217', 'ENSMUSG00000055943', 'ENSMUSG00000031819', 'ENSMUSG00000027282', 'ENSMUSG00000027131', 'ENSMUSG00000052456']"
54,55,d4,GO:0009055,electron transfer activity,12/1456,50/22537,6.15752276715371e-05,0.0016570980388075,0.001418327225623,ENSMUSG00000079677/ENSMUSG00000025968/ENSMUSG00000022551/ENSMUSG00000000088/ENSMUSG00000033938/ENSMUSG00000012428/ENSMUSG00000059734/ENSMUSG00000032051/ENSMUSG00000027809/ENSMUSG00000026260/ENSMUSG00000037916/ENSMUSG00000020153,12,"['ENSMUSG00000079677', 'ENSMUSG00000025968', 'ENSMUSG00000022551', 'ENSMUSG00000000088', 'ENSMUSG00000033938', 'ENSMUSG00000012428', 'ENSMUSG00000059734', 'ENSMUSG00000032051', 'ENSMUSG00000027809', 'ENSMUSG00000026260', 'ENSMUSG00000037916', 'ENSMUSG00000020153']"
55,56,d4,GO:0061650,ubiquitin-like protein conjugating enzyme activity,11/1456,43/22537,6.6220467325185e-05,0.0017311922172155,0.0014817451936823,ENSMUSG00000062963/ENSMUSG00000015120/ENSMUSG00000024073/ENSMUSG00000038965/ENSMUSG00000078578/ENSMUSG00000016308/ENSMUSG00000005575/ENSMUSG00000022663/ENSMUSG00000091896/ENSMUSG00000020307/ENSMUSG00000021774,11,"['ENSMUSG00000062963', 'ENSMUSG00000015120', 'ENSMUSG00000024073', 'ENSMUSG00000038965', 'ENSMUSG00000078578', 'ENSMUSG00000016308', 'ENSMUSG00000005575', 'ENSMUSG00000022663', 'ENSMUSG00000091896', 'ENSMUSG00000020307', 'ENSMUSG00000021774']"
56,57,d4,GO:0051787,misfolded protein binding,7/1456,18/22537,7.82308868463081e-05,0.0019719378354494,0.0016878018401775,ENSMUSG00000022365/ENSMUSG00000039615/ENSMUSG00000004460/ENSMUSG00000026849/ENSMUSG00000026864/ENSMUSG00000002064/ENSMUSG00000018442,7,"['ENSMUSG00000022365', 'ENSMUSG00000039615', 'ENSMUSG00000004460', 'ENSMUSG00000026849', 'ENSMUSG00000026864', 'ENSMUSG00000002064', 'ENSMUSG00000018442']"
57,58,d4,GO:0051015,actin filament binding,30/1456,219/22537,7.97395627449486e-05,0.0019719378354494,0.0016878018401775,ENSMUSG00000029622/ENSMUSG00000018340/ENSMUSG00000008475/ENSMUSG00000056201/ENSMUSG00000049134/ENSMUSG00000028464/ENSMUSG00000053931/ENSMUSG00000020315/ENSMUSG00000061086/ENSMUSG00000029465/ENSMUSG00000079426/ENSMUSG00000026755/ENSMUSG00000006304/ENSMUSG00000031799/ENSMUSG00000038775/ENSMUSG00000025026/ENSMUSG00000028649/ENSMUSG00000026950/ENSMUSG00000029581/ENSMUSG00000032366/ENSMUSG00000020900/ENSMUSG00000005417/ENSMUSG00000031078/ENSMUSG00000055775/ENSMUSG00000023277/ENSMUSG00000052374/ENSMUSG00000022451/ENSMUSG00000062929/ENSMUSG00000018417/ENSMUSG00000040699,30,"['ENSMUSG00000029622', 'ENSMUSG00000018340', 'ENSMUSG00000008475', 'ENSMUSG00000056201', 'ENSMUSG00000049134', 'ENSMUSG00000028464', 'ENSMUSG00000053931', 'ENSMUSG00000020315', 'ENSMUSG00000061086', 'ENSMUSG00000029465', 'ENSMUSG00000079426', 'ENSMUSG00000026755', 'ENSMUSG00000006304', 'ENSMUSG00000031799', 'ENSMUSG00000038775', 'ENSMUSG00000025026', 'ENSMUSG00000028649', 'ENSMUSG00000026950', 'ENSMUSG00000029581', 'ENSMUSG00000032366', 'ENSMUSG00000020900', 'ENSMUSG00000005417', 'ENSMUSG00000031078', 'ENSMUSG00000055775', 'ENSMUSG00000023277', 'ENSMUSG00000052374', 'ENSMUSG00000022451', 'ENSMUSG00000062929', 'ENSMUSG00000018417', 'ENSMUSG00000040699']"
58,59,d4,GO:0015078,proton transmembrane transporter activity,20/1456,120/22537,8.29969355554616e-05,0.0019984788429801,0.0017105185610322,ENSMUSG00000015575/ENSMUSG00000006057/ENSMUSG00000006273/ENSMUSG00000024121/ENSMUSG00000022295/ENSMUSG00000033379/ENSMUSG00000039105/ENSMUSG00000022551/ENSMUSG00000000088/ENSMUSG00000004285/ENSMUSG00000041028/ENSMUSG00000013160/ENSMUSG00000039463/ENSMUSG00000003072/ENSMUSG00000025781/ENSMUSG00000021114/ENSMUSG00000032942/ENSMUSG00000025393/ENSMUSG00000038717/ENSMUSG00000025161,20,"['ENSMUSG00000015575', 'ENSMUSG00000006057', 'ENSMUSG00000006273', 'ENSMUSG00000024121', 'ENSMUSG00000022295', 'ENSMUSG00000033379', 'ENSMUSG00000039105', 'ENSMUSG00000022551', 'ENSMUSG00000000088', 'ENSMUSG00000004285', 'ENSMUSG00000041028', 'ENSMUSG00000013160', 'ENSMUSG00000039463', 'ENSMUSG00000003072', 'ENSMUSG00000025781', 'ENSMUSG00000021114', 'ENSMUSG00000032942', 'ENSMUSG00000025393', 'ENSMUSG00000038717', 'ENSMUSG00000025161']"
59,60,d4,GO:0055105,ubiquitin-protein transferase inhibitor activity,6/1456,14/22537,0.0001376162617182,0.0032286892172369,0.002763468251509,ENSMUSG00000058558/ENSMUSG00000071415/ENSMUSG00000063457/ENSMUSG00000028234/ENSMUSG00000061477/ENSMUSG00000059291,6,"['ENSMUSG00000058558', 'ENSMUSG00000071415', 'ENSMUSG00000063457', 'ENSMUSG00000028234', 'ENSMUSG00000061477', 'ENSMUSG00000059291']"
60,61,d4,GO:0015035,protein-disulfide reductase activity,8/1456,26/22537,0.0001626407896616,0.0037204080635109,0.0031843354607445,ENSMUSG00000033684/ENSMUSG00000024583/ENSMUSG00000025130/ENSMUSG00000020803/ENSMUSG00000028367/ENSMUSG00000020571/ENSMUSG00000005354/ENSMUSG00000021591,8,"['ENSMUSG00000033684', 'ENSMUSG00000024583', 'ENSMUSG00000025130', 'ENSMUSG00000020803', 'ENSMUSG00000028367', 'ENSMUSG00000020571', 'ENSMUSG00000005354', 'ENSMUSG00000021591']"
61,62,d4,GO:0035091,phosphatidylinositol binding,36/1456,295/22537,0.0001836746773959,0.0040208227082869,0.0034414634397072,ENSMUSG00000028007/ENSMUSG00000056201/ENSMUSG00000034160/ENSMUSG00000057113/ENSMUSG00000022150/ENSMUSG00000019804/ENSMUSG00000028249/ENSMUSG00000041801/ENSMUSG00000038775/ENSMUSG00000039361/ENSMUSG00000041895/ENSMUSG00000051355/ENSMUSG00000041444/ENSMUSG00000018001/ENSMUSG00000066306/ENSMUSG00000074513/ENSMUSG00000024851/ENSMUSG00000026718/ENSMUSG00000025915/ENSMUSG00000041341/ENSMUSG00000021411/ENSMUSG00000005656/ENSMUSG00000025793/ENSMUSG00000018293/ENSMUSG00000038383/ENSMUSG00000074170/ENSMUSG00000023277/ENSMUSG00000052374/ENSMUSG00000020709/ENSMUSG00000022451/ENSMUSG00000037646/ENSMUSG00000025366/ENSMUSG00000018417/ENSMUSG00000025173/ENSMUSG00000036435/ENSMUSG00000041695,36,"['ENSMUSG00000028007', 'ENSMUSG00000056201', 'ENSMUSG00000034160', 'ENSMUSG00000057113', 'ENSMUSG00000022150', 'ENSMUSG00000019804', 'ENSMUSG00000028249', 'ENSMUSG00000041801', 'ENSMUSG00000038775', 'ENSMUSG00000039361', 'ENSMUSG00000041895', 'ENSMUSG00000051355', 'ENSMUSG00000041444', 'ENSMUSG00000018001', 'ENSMUSG00000066306', 'ENSMUSG00000074513', 'ENSMUSG00000024851', 'ENSMUSG00000026718', 'ENSMUSG00000025915', 'ENSMUSG00000041341', 'ENSMUSG00000021411', 'ENSMUSG00000005656', 'ENSMUSG00000025793', 'ENSMUSG00000018293', 'ENSMUSG00000038383', 'ENSMUSG00000074170', 'ENSMUSG00000023277', 'ENSMUSG00000052374', 'ENSMUSG00000020709', 'ENSMUSG00000022451', 'ENSMUSG00000037646', 'ENSMUSG00000025366', 'ENSMUSG00000018417', 'ENSMUSG00000025173', 'ENSMUSG00000036435', 'ENSMUSG00000041695']"
62,63,d4,GO:0042626,ATPase-coupled transmembrane transporter activity,18/1456,108/22537,0.000184562353823,0.0040208227082869,0.0034414634397072,ENSMUSG00000015575/ENSMUSG00000006273/ENSMUSG00000024121/ENSMUSG00000022295/ENSMUSG00000033379/ENSMUSG00000022822/ENSMUSG00000039105/ENSMUSG00000004285/ENSMUSG00000093904/ENSMUSG00000013160/ENSMUSG00000030730/ENSMUSG00000029467/ENSMUSG00000021114/ENSMUSG00000019943/ENSMUSG00000027712/ENSMUSG00000025393/ENSMUSG00000038717/ENSMUSG00000026944,18,"['ENSMUSG00000015575', 'ENSMUSG00000006273', 'ENSMUSG00000024121', 'ENSMUSG00000022295', 'ENSMUSG00000033379', 'ENSMUSG00000022822', 'ENSMUSG00000039105', 'ENSMUSG00000004285', 'ENSMUSG00000093904', 'ENSMUSG00000013160', 'ENSMUSG00000030730', 'ENSMUSG00000029467', 'ENSMUSG00000021114', 'ENSMUSG00000019943', 'ENSMUSG00000027712', 'ENSMUSG00000025393', 'ENSMUSG00000038717', 'ENSMUSG00000026944']"
63,64,d4,GO:0140318,protein transporter activity,8/1456,28/22537,0.0002881612366169,0.0061318030582438,0.0052482731956668,ENSMUSG00000030082/ENSMUSG00000021248/ENSMUSG00000031158/ENSMUSG00000022427/ENSMUSG00000013701/ENSMUSG00000093904/ENSMUSG00000078974/ENSMUSG00000002984,8,"['ENSMUSG00000030082', 'ENSMUSG00000021248', 'ENSMUSG00000031158', 'ENSMUSG00000022427', 'ENSMUSG00000013701', 'ENSMUSG00000093904', 'ENSMUSG00000078974', 'ENSMUSG00000002984']"
64,65,d4,GO:0003755,peptidyl-prolyl cis-trans isomerase activity,9/1456,36/22537,0.0003662435938759,0.0076162020090118,0.0065187854986538,ENSMUSG00000024538/ENSMUSG00000001555/ENSMUSG00000002732/ENSMUSG00000003355/ENSMUSG00000024007/ENSMUSG00000032525/ENSMUSG00000026035/ENSMUSG00000029781/ENSMUSG00000032171,9,"['ENSMUSG00000024538', 'ENSMUSG00000001555', 'ENSMUSG00000002732', 'ENSMUSG00000003355', 'ENSMUSG00000024007', 'ENSMUSG00000032525', 'ENSMUSG00000026035', 'ENSMUSG00000029781', 'ENSMUSG00000032171']"
65,66,d4,GO:0050750,low-density lipoprotein particle receptor binding,8/1456,29/22537,0.0003755627380559,0.0076364423404706,0.0065361094061664,ENSMUSG00000022150/ENSMUSG00000039361/ENSMUSG00000051355/ENSMUSG00000038503/ENSMUSG00000029103/ENSMUSG00000022841/ENSMUSG00000047126/ENSMUSG00000028410,8,"['ENSMUSG00000022150', 'ENSMUSG00000039361', 'ENSMUSG00000051355', 'ENSMUSG00000038503', 'ENSMUSG00000029103', 'ENSMUSG00000022841', 'ENSMUSG00000047126', 'ENSMUSG00000028410']"
66,67,d4,GO:0016667,"oxidoreductase activity, acting on a sulfur group of donors",11/1456,52/22537,0.0004068872516731,0.0080935181582819,0.0069273252916442,ENSMUSG00000033684/ENSMUSG00000024583/ENSMUSG00000025130/ENSMUSG00000020803/ENSMUSG00000028367/ENSMUSG00000025068/ENSMUSG00000034723/ENSMUSG00000020571/ENSMUSG00000005354/ENSMUSG00000021591/ENSMUSG00000031584,11,"['ENSMUSG00000033684', 'ENSMUSG00000024583', 'ENSMUSG00000025130', 'ENSMUSG00000020803', 'ENSMUSG00000028367', 'ENSMUSG00000025068', 'ENSMUSG00000034723', 'ENSMUSG00000020571', 'ENSMUSG00000005354', 'ENSMUSG00000021591', 'ENSMUSG00000031584']"
67,68,d4,GO:0140296,general transcription initiation factor binding,12/1456,61/22537,0.0004571669346751,0.00890016479208,0.0076177424277337,ENSMUSG00000021178/ENSMUSG00000024218/ENSMUSG00000022521/ENSMUSG00000033543/ENSMUSG00000015092/ENSMUSG00000020708/ENSMUSG00000039630/ENSMUSG00000053477/ENSMUSG00000028271/ENSMUSG00000042079/ENSMUSG00000028899/ENSMUSG00000049658,12,"['ENSMUSG00000021178', 'ENSMUSG00000024218', 'ENSMUSG00000022521', 'ENSMUSG00000033543', 'ENSMUSG00000015092', 'ENSMUSG00000020708', 'ENSMUSG00000039630', 'ENSMUSG00000053477', 'ENSMUSG00000028271', 'ENSMUSG00000042079', 'ENSMUSG00000028899', 'ENSMUSG00000049658']"
68,69,d4,GO:0044389,ubiquitin-like protein ligase binding,40/1456,356/22537,0.0004706838665411,0.0089724112059404,0.0076795788751449,ENSMUSG00000060073/ENSMUSG00000090137/ENSMUSG00000020265/ENSMUSG00000010376/ENSMUSG00000058558/ENSMUSG00000032010/ENSMUSG00000022365/ENSMUSG00000071415/ENSMUSG00000018567/ENSMUSG00000024121/ENSMUSG00000031812/ENSMUSG00000008348/ENSMUSG00000026701/ENSMUSG00000039615/ENSMUSG00000026229/ENSMUSG00000031950/ENSMUSG00000003031/ENSMUSG00000055839/ENSMUSG00000038965/ENSMUSG00000019505/ENSMUSG00000078676/ENSMUSG00000078578/ENSMUSG00000019188/ENSMUSG00000026864/ENSMUSG00000016308/ENSMUSG00000021589/ENSMUSG00000026718/ENSMUSG00000038545/ENSMUSG00000008859/ENSMUSG00000020738/ENSMUSG00000025793/ENSMUSG00000068039/ENSMUSG00000071655/ENSMUSG00000091896/ENSMUSG00000027602/ENSMUSG00000001415/ENSMUSG00000028410/ENSMUSG00000059291/ENSMUSG00000014402/ENSMUSG00000029521,40,"['ENSMUSG00000060073', 'ENSMUSG00000090137', 'ENSMUSG00000020265', 'ENSMUSG00000010376', 'ENSMUSG00000058558', 'ENSMUSG00000032010', 'ENSMUSG00000022365', 'ENSMUSG00000071415', 'ENSMUSG00000018567', 'ENSMUSG00000024121', 'ENSMUSG00000031812', 'ENSMUSG00000008348', 'ENSMUSG00000026701', 'ENSMUSG00000039615', 'ENSMUSG00000026229', 'ENSMUSG00000031950', 'ENSMUSG00000003031', 'ENSMUSG00000055839', 'ENSMUSG00000038965', 'ENSMUSG00000019505', 'ENSMUSG00000078676', 'ENSMUSG00000078578', 'ENSMUSG00000019188', 'ENSMUSG00000026864', 'ENSMUSG00000016308', 'ENSMUSG00000021589', 'ENSMUSG00000026718', 'ENSMUSG00000038545', 'ENSMUSG00000008859', 'ENSMUSG00000020738', 'ENSMUSG00000025793', 'ENSMUSG00000068039', 'ENSMUSG00000071655', 'ENSMUSG00000091896', 'ENSMUSG00000027602', 'ENSMUSG00000001415', 'ENSMUSG00000028410', 'ENSMUSG00000059291', 'ENSMUSG00000014402', 'ENSMUSG00000029521']"
69,70,d4,GO:0055106,ubiquitin-protein transferase regulator activity,8/1456,30/22537,0.0004833619710334,0.0090260449692976,0.0077254845638855,ENSMUSG00000058558/ENSMUSG00000071415/ENSMUSG00000063457/ENSMUSG00000003031/ENSMUSG00000038965/ENSMUSG00000028234/ENSMUSG00000061477/ENSMUSG00000059291,8,"['ENSMUSG00000058558', 'ENSMUSG00000071415', 'ENSMUSG00000063457', 'ENSMUSG00000003031', 'ENSMUSG00000038965', 'ENSMUSG00000028234', 'ENSMUSG00000061477', 'ENSMUSG00000059291']"
70,71,d4,GO:1901981,phosphatidylinositol phosphate binding,26/1456,200/22537,0.0005275590663992,0.0093967911430186,0.0080428100205992,ENSMUSG00000056201/ENSMUSG00000034160/ENSMUSG00000057113/ENSMUSG00000022150/ENSMUSG00000019804/ENSMUSG00000028249/ENSMUSG00000041801/ENSMUSG00000038775/ENSMUSG00000039361/ENSMUSG00000041895/ENSMUSG00000051355/ENSMUSG00000041444/ENSMUSG00000018001/ENSMUSG00000074513/ENSMUSG00000041341/ENSMUSG00000018293/ENSMUSG00000074170/ENSMUSG00000023277/ENSMUSG00000052374/ENSMUSG00000020709/ENSMUSG00000022451/ENSMUSG00000037646/ENSMUSG00000018417/ENSMUSG00000025173/ENSMUSG00000036435/ENSMUSG00000041695,26,"['ENSMUSG00000056201', 'ENSMUSG00000034160', 'ENSMUSG00000057113', 'ENSMUSG00000022150', 'ENSMUSG00000019804', 'ENSMUSG00000028249', 'ENSMUSG00000041801', 'ENSMUSG00000038775', 'ENSMUSG00000039361', 'ENSMUSG00000041895', 'ENSMUSG00000051355', 'ENSMUSG00000041444', 'ENSMUSG00000018001', 'ENSMUSG00000074513', 'ENSMUSG00000041341', 'ENSMUSG00000018293', 'ENSMUSG00000074170', 'ENSMUSG00000023277', 'ENSMUSG00000052374', 'ENSMUSG00000020709', 'ENSMUSG00000022451', 'ENSMUSG00000037646', 'ENSMUSG00000018417', 'ENSMUSG00000025173', 'ENSMUSG00000036435', 'ENSMUSG00000041695']"
71,72,d4,GO:0001098,basal transcription machinery binding,12/1456,62/22537,0.0005340252890021,0.0093967911430186,0.0080428100205992,ENSMUSG00000020485/ENSMUSG00000022521/ENSMUSG00000033543/ENSMUSG00000015092/ENSMUSG00000039630/ENSMUSG00000026603/ENSMUSG00000053477/ENSMUSG00000013822/ENSMUSG00000028271/ENSMUSG00000041057/ENSMUSG00000021807/ENSMUSG00000039849,12,"['ENSMUSG00000020485', 'ENSMUSG00000022521', 'ENSMUSG00000033543', 'ENSMUSG00000015092', 'ENSMUSG00000039630', 'ENSMUSG00000026603', 'ENSMUSG00000053477', 'ENSMUSG00000013822', 'ENSMUSG00000028271', 'ENSMUSG00000041057', 'ENSMUSG00000021807', 'ENSMUSG00000039849']"
72,73,d4,GO:0001099,basal RNA polymerase II transcription machinery binding,12/1456,62/22537,0.0005340252890021,0.0093967911430186,0.0080428100205992,ENSMUSG00000020485/ENSMUSG00000022521/ENSMUSG00000033543/ENSMUSG00000015092/ENSMUSG00000039630/ENSMUSG00000026603/ENSMUSG00000053477/ENSMUSG00000013822/ENSMUSG00000028271/ENSMUSG00000041057/ENSMUSG00000021807/ENSMUSG00000039849,12,"['ENSMUSG00000020485', 'ENSMUSG00000022521', 'ENSMUSG00000033543', 'ENSMUSG00000015092', 'ENSMUSG00000039630', 'ENSMUSG00000026603', 'ENSMUSG00000053477', 'ENSMUSG00000013822', 'ENSMUSG00000028271', 'ENSMUSG00000041057', 'ENSMUSG00000021807', 'ENSMUSG00000039849']"
73,74,d4,GO:0051020,GTPase binding,38/1456,336/22537,0.000567839425856,0.0098032655595899,0.0083907156472072,ENSMUSG00000021218/ENSMUSG00000038822/ENSMUSG00000029401/ENSMUSG00000020315/ENSMUSG00000063524/ENSMUSG00000066406/ENSMUSG00000033940/ENSMUSG00000005069/ENSMUSG00000026150/ENSMUSG00000001105/ENSMUSG00000039361/ENSMUSG00000040472/ENSMUSG00000028478/ENSMUSG00000024993/ENSMUSG00000020290/ENSMUSG00000034850/ENSMUSG00000017716/ENSMUSG00000000131/ENSMUSG00000030842/ENSMUSG00000079477/ENSMUSG00000000531/ENSMUSG00000021589/ENSMUSG00000057375/ENSMUSG00000029414/ENSMUSG00000033004/ENSMUSG00000044562/ENSMUSG00000024772/ENSMUSG00000025132/ENSMUSG00000028639/ENSMUSG00000026615/ENSMUSG00000030220/ENSMUSG00000018293/ENSMUSG00000026867/ENSMUSG00000008450/ENSMUSG00000014550/ENSMUSG00000036104/ENSMUSG00000032182/ENSMUSG00000026721,38,"['ENSMUSG00000021218', 'ENSMUSG00000038822', 'ENSMUSG00000029401', 'ENSMUSG00000020315', 'ENSMUSG00000063524', 'ENSMUSG00000066406', 'ENSMUSG00000033940', 'ENSMUSG00000005069', 'ENSMUSG00000026150', 'ENSMUSG00000001105', 'ENSMUSG00000039361', 'ENSMUSG00000040472', 'ENSMUSG00000028478', 'ENSMUSG00000024993', 'ENSMUSG00000020290', 'ENSMUSG00000034850', 'ENSMUSG00000017716', 'ENSMUSG00000000131', 'ENSMUSG00000030842', 'ENSMUSG00000079477', 'ENSMUSG00000000531', 'ENSMUSG00000021589', 'ENSMUSG00000057375', 'ENSMUSG00000029414', 'ENSMUSG00000033004', 'ENSMUSG00000044562', 'ENSMUSG00000024772', 'ENSMUSG00000025132', 'ENSMUSG00000028639', 'ENSMUSG00000026615', 'ENSMUSG00000030220', 'ENSMUSG00000018293', 'ENSMUSG00000026867', 'ENSMUSG00000008450', 'ENSMUSG00000014550', 'ENSMUSG00000036104', 'ENSMUSG00000032182', 'ENSMUSG00000026721']"
75,76,d4,GO:0044183,protein folding chaperone,11/1456,55/22537,0.0006745634636368,0.0110990205258788,0.0094997656269817,ENSMUSG00000026078/ENSMUSG00000001416/ENSMUSG00000026849/ENSMUSG00000007739/ENSMUSG00000029131/ENSMUSG00000026864/ENSMUSG00000030007/ENSMUSG00000068039/ENSMUSG00000015749/ENSMUSG00000006412/ENSMUSG00000027245,11,"['ENSMUSG00000026078', 'ENSMUSG00000001416', 'ENSMUSG00000026849', 'ENSMUSG00000007739', 'ENSMUSG00000029131', 'ENSMUSG00000026864', 'ENSMUSG00000030007', 'ENSMUSG00000068039', 'ENSMUSG00000015749', 'ENSMUSG00000006412', 'ENSMUSG00000027245']"
76,77,d4,GO:0008137,NADH dehydrogenase (ubiquinone) activity,6/1456,18/22537,0.0006798391343853,0.0110990205258788,0.0094997656269817,ENSMUSG00000025968/ENSMUSG00000033938/ENSMUSG00000059734/ENSMUSG00000026260/ENSMUSG00000037916/ENSMUSG00000020153,6,"['ENSMUSG00000025968', 'ENSMUSG00000033938', 'ENSMUSG00000059734', 'ENSMUSG00000026260', 'ENSMUSG00000037916', 'ENSMUSG00000020153']"
77,78,d4,GO:1902936,phosphatidylinositol bisphosphate binding,18/1456,120/22537,0.0006914143934154,0.0110990205258788,0.0094997656269817,ENSMUSG00000056201/ENSMUSG00000022150/ENSMUSG00000019804/ENSMUSG00000028249/ENSMUSG00000041801/ENSMUSG00000038775/ENSMUSG00000039361/ENSMUSG00000041895/ENSMUSG00000051355/ENSMUSG00000018293/ENSMUSG00000023277/ENSMUSG00000052374/ENSMUSG00000020709/ENSMUSG00000022451/ENSMUSG00000018417/ENSMUSG00000025173/ENSMUSG00000036435/ENSMUSG00000041695,18,"['ENSMUSG00000056201', 'ENSMUSG00000022150', 'ENSMUSG00000019804', 'ENSMUSG00000028249', 'ENSMUSG00000041801', 'ENSMUSG00000038775', 'ENSMUSG00000039361', 'ENSMUSG00000041895', 'ENSMUSG00000051355', 'ENSMUSG00000018293', 'ENSMUSG00000023277', 'ENSMUSG00000052374', 'ENSMUSG00000020709', 'ENSMUSG00000022451', 'ENSMUSG00000018417', 'ENSMUSG00000025173', 'ENSMUSG00000036435', 'ENSMUSG00000041695']"
78,79,d4,GO:0016859,cis-trans isomerase activity,9/1456,40/22537,0.0008422118887401,0.0132866185896082,0.0113721532708295,ENSMUSG00000024538/ENSMUSG00000001555/ENSMUSG00000002732/ENSMUSG00000003355/ENSMUSG00000024007/ENSMUSG00000032525/ENSMUSG00000026035/ENSMUSG00000029781/ENSMUSG00000032171,9,"['ENSMUSG00000024538', 'ENSMUSG00000001555', 'ENSMUSG00000002732', 'ENSMUSG00000003355', 'ENSMUSG00000024007', 'ENSMUSG00000032525', 'ENSMUSG00000026035', 'ENSMUSG00000029781', 'ENSMUSG00000032171']"
79,80,d4,GO:0050136,NADH dehydrogenase (quinone) activity,6/1456,19/22537,0.0009396255882325,0.014465249308132,0.0123809554043718,ENSMUSG00000025968/ENSMUSG00000033938/ENSMUSG00000059734/ENSMUSG00000026260/ENSMUSG00000037916/ENSMUSG00000020153,6,"['ENSMUSG00000025968', 'ENSMUSG00000033938', 'ENSMUSG00000059734', 'ENSMUSG00000026260', 'ENSMUSG00000037916', 'ENSMUSG00000020153']"
80,81,d4,GO:0015453,oxidoreduction-driven active transmembrane transporter activity,8/1456,33/22537,0.0009643499538754,0.014465249308132,0.0123809554043718,ENSMUSG00000025968/ENSMUSG00000022551/ENSMUSG00000000088/ENSMUSG00000033938/ENSMUSG00000059734/ENSMUSG00000026260/ENSMUSG00000037916/ENSMUSG00000020153,8,"['ENSMUSG00000025968', 'ENSMUSG00000022551', 'ENSMUSG00000000088', 'ENSMUSG00000033938', 'ENSMUSG00000059734', 'ENSMUSG00000026260', 'ENSMUSG00000037916', 'ENSMUSG00000020153']"
81,82,d4,GO:0070325,lipoprotein particle receptor binding,8/1456,33/22537,0.0009643499538754,0.014465249308132,0.0123809554043718,ENSMUSG00000022150/ENSMUSG00000039361/ENSMUSG00000051355/ENSMUSG00000038503/ENSMUSG00000029103/ENSMUSG00000022841/ENSMUSG00000047126/ENSMUSG00000028410,8,"['ENSMUSG00000022150', 'ENSMUSG00000039361', 'ENSMUSG00000051355', 'ENSMUSG00000038503', 'ENSMUSG00000029103', 'ENSMUSG00000022841', 'ENSMUSG00000047126', 'ENSMUSG00000028410']"
82,83,d4,GO:0048027,mRNA 5'-UTR binding,7/1456,26/22537,0.0010242808655325,0.0149587569578988,0.0128033536688832,ENSMUSG00000058558/ENSMUSG00000020900/ENSMUSG00000061477/ENSMUSG00000042354/ENSMUSG00000090862/ENSMUSG00000005846/ENSMUSG00000028081,7,"['ENSMUSG00000058558', 'ENSMUSG00000020900', 'ENSMUSG00000061477', 'ENSMUSG00000042354', 'ENSMUSG00000090862', 'ENSMUSG00000005846', 'ENSMUSG00000028081']"
83,84,d4,GO:0005543,phospholipid binding,50/1456,492/22537,0.0010299472003799,0.0149587569578988,0.0128033536688832,ENSMUSG00000028007/ENSMUSG00000018340/ENSMUSG00000056201/ENSMUSG00000034160/ENSMUSG00000057113/ENSMUSG00000022150/ENSMUSG00000020315/ENSMUSG00000018567/ENSMUSG00000031812/ENSMUSG00000019804/ENSMUSG00000028249/ENSMUSG00000052727/ENSMUSG00000041801/ENSMUSG00000038775/ENSMUSG00000039361/ENSMUSG00000033916/ENSMUSG00000041895/ENSMUSG00000031950/ENSMUSG00000051355/ENSMUSG00000041444/ENSMUSG00000018001/ENSMUSG00000066306/ENSMUSG00000074513/ENSMUSG00000024851/ENSMUSG00000026718/ENSMUSG00000025915/ENSMUSG00000041341/ENSMUSG00000021411/ENSMUSG00000005656/ENSMUSG00000025793/ENSMUSG00000018293/ENSMUSG00000038383/ENSMUSG00000074170/ENSMUSG00000023277/ENSMUSG00000052374/ENSMUSG00000020709/ENSMUSG00000022451/ENSMUSG00000027602/ENSMUSG00000071654/ENSMUSG00000030605/ENSMUSG00000037646/ENSMUSG00000025366/ENSMUSG00000018417/ENSMUSG00000025173/ENSMUSG00000027712/ENSMUSG00000029994/ENSMUSG00000036435/ENSMUSG00000041695/ENSMUSG00000036452/ENSMUSG00000021771,50,"['ENSMUSG00000028007', 'ENSMUSG00000018340', 'ENSMUSG00000056201', 'ENSMUSG00000034160', 'ENSMUSG00000057113', 'ENSMUSG00000022150', 'ENSMUSG00000020315', 'ENSMUSG00000018567', 'ENSMUSG00000031812', 'ENSMUSG00000019804', 'ENSMUSG00000028249', 'ENSMUSG00000052727', 'ENSMUSG00000041801', 'ENSMUSG00000038775', 'ENSMUSG00000039361', 'ENSMUSG00000033916', 'ENSMUSG00000041895', 'ENSMUSG00000031950', 'ENSMUSG00000051355', 'ENSMUSG00000041444', 'ENSMUSG00000018001', 'ENSMUSG00000066306', 'ENSMUSG00000074513', 'ENSMUSG00000024851', 'ENSMUSG00000026718', 'ENSMUSG00000025915', 'ENSMUSG00000041341', 'ENSMUSG00000021411', 'ENSMUSG00000005656', 'ENSMUSG00000025793', 'ENSMUSG00000018293', 'ENSMUSG00000038383', 'ENSMUSG00000074170', 'ENSMUSG00000023277', 'ENSMUSG00000052374', 'ENSMUSG00000020709', 'ENSMUSG00000022451', 'ENSMUSG00000027602', 'ENSMUSG00000071654', 'ENSMUSG00000030605', 'ENSMUSG00000037646', 'ENSMUSG00000025366', 'ENSMUSG00000018417', 'ENSMUSG00000025173', 'ENSMUSG00000027712', 'ENSMUSG00000029994', 'ENSMUSG00000036435', 'ENSMUSG00000041695', 'ENSMUSG00000036452', 'ENSMUSG00000021771']"
84,85,d4,GO:0031625,ubiquitin protein ligase binding,37/1456,336/22537,0.0010887960417142,0.0155663809088828,0.0133234252472923,ENSMUSG00000060073/ENSMUSG00000090137/ENSMUSG00000010376/ENSMUSG00000058558/ENSMUSG00000032010/ENSMUSG00000022365/ENSMUSG00000071415/ENSMUSG00000018567/ENSMUSG00000024121/ENSMUSG00000031812/ENSMUSG00000008348/ENSMUSG00000026701/ENSMUSG00000039615/ENSMUSG00000026229/ENSMUSG00000031950/ENSMUSG00000003031/ENSMUSG00000055839/ENSMUSG00000038965/ENSMUSG00000019505/ENSMUSG00000078676/ENSMUSG00000078578/ENSMUSG00000019188/ENSMUSG00000026864/ENSMUSG00000016308/ENSMUSG00000021589/ENSMUSG00000038545/ENSMUSG00000008859/ENSMUSG00000020738/ENSMUSG00000068039/ENSMUSG00000071655/ENSMUSG00000091896/ENSMUSG00000027602/ENSMUSG00000001415/ENSMUSG00000028410/ENSMUSG00000059291/ENSMUSG00000014402/ENSMUSG00000029521,37,"['ENSMUSG00000060073', 'ENSMUSG00000090137', 'ENSMUSG00000010376', 'ENSMUSG00000058558', 'ENSMUSG00000032010', 'ENSMUSG00000022365', 'ENSMUSG00000071415', 'ENSMUSG00000018567', 'ENSMUSG00000024121', 'ENSMUSG00000031812', 'ENSMUSG00000008348', 'ENSMUSG00000026701', 'ENSMUSG00000039615', 'ENSMUSG00000026229', 'ENSMUSG00000031950', 'ENSMUSG00000003031', 'ENSMUSG00000055839', 'ENSMUSG00000038965', 'ENSMUSG00000019505', 'ENSMUSG00000078676', 'ENSMUSG00000078578', 'ENSMUSG00000019188', 'ENSMUSG00000026864', 'ENSMUSG00000016308', 'ENSMUSG00000021589', 'ENSMUSG00000038545', 'ENSMUSG00000008859', 'ENSMUSG00000020738', 'ENSMUSG00000068039', 'ENSMUSG00000071655', 'ENSMUSG00000091896', 'ENSMUSG00000027602', 'ENSMUSG00000001415', 'ENSMUSG00000028410', 'ENSMUSG00000059291', 'ENSMUSG00000014402', 'ENSMUSG00000029521']"
85,86,d4,GO:0005085,guanyl-nucleotide exchange factor activity,25/1456,201/22537,0.0012695345065961,0.0178711395928539,0.0152960918689483,ENSMUSG00000055762/ENSMUSG00000052921/ENSMUSG00000021990/ENSMUSG00000009621/ENSMUSG00000087260/ENSMUSG00000089809/ENSMUSG00000066406/ENSMUSG00000030824/ENSMUSG00000024993/ENSMUSG00000018001/ENSMUSG00000030842/ENSMUSG00000033004/ENSMUSG00000050552/ENSMUSG00000025967/ENSMUSG00000091512/ENSMUSG00000038831/ENSMUSG00000040940/ENSMUSG00000026867/ENSMUSG00000037509/ENSMUSG00000030839/ENSMUSG00000030659/ENSMUSG00000036104/ENSMUSG00000024663/ENSMUSG00000004562/ENSMUSG00000019467,25,"['ENSMUSG00000055762', 'ENSMUSG00000052921', 'ENSMUSG00000021990', 'ENSMUSG00000009621', 'ENSMUSG00000087260', 'ENSMUSG00000089809', 'ENSMUSG00000066406', 'ENSMUSG00000030824', 'ENSMUSG00000024993', 'ENSMUSG00000018001', 'ENSMUSG00000030842', 'ENSMUSG00000033004', 'ENSMUSG00000050552', 'ENSMUSG00000025967', 'ENSMUSG00000091512', 'ENSMUSG00000038831', 'ENSMUSG00000040940', 'ENSMUSG00000026867', 'ENSMUSG00000037509', 'ENSMUSG00000030839', 'ENSMUSG00000030659', 'ENSMUSG00000036104', 'ENSMUSG00000024663', 'ENSMUSG00000004562', 'ENSMUSG00000019467']"
86,87,d4,GO:0005525,GTP binding,39/1456,364/22537,0.0013565632073299,0.01867202639495,0.0159815791059451,ENSMUSG00000032562/ENSMUSG00000018340/ENSMUSG00000021282/ENSMUSG00000034789/ENSMUSG00000028057/ENSMUSG00000072235/ENSMUSG00000058672/ENSMUSG00000060904/ENSMUSG00000001833/ENSMUSG00000001473/ENSMUSG00000064262/ENSMUSG00000004771/ENSMUSG00000036752/ENSMUSG00000021877/ENSMUSG00000053291/ENSMUSG00000029430/ENSMUSG00000019917/ENSMUSG00000024870/ENSMUSG00000017686/ENSMUSG00000079477/ENSMUSG00000048076/ENSMUSG00000020088/ENSMUSG00000002233/ENSMUSG00000059248/ENSMUSG00000021589/ENSMUSG00000008859/ENSMUSG00000024772/ENSMUSG00000027293/ENSMUSG00000052681/ENSMUSG00000028945/ENSMUSG00000024065/ENSMUSG00000001783/ENSMUSG00000054364/ENSMUSG00000042354/ENSMUSG00000028214/ENSMUSG00000045136/ENSMUSG00000022621/ENSMUSG00000028443/ENSMUSG00000054435,39,"['ENSMUSG00000032562', 'ENSMUSG00000018340', 'ENSMUSG00000021282', 'ENSMUSG00000034789', 'ENSMUSG00000028057', 'ENSMUSG00000072235', 'ENSMUSG00000058672', 'ENSMUSG00000060904', 'ENSMUSG00000001833', 'ENSMUSG00000001473', 'ENSMUSG00000064262', 'ENSMUSG00000004771', 'ENSMUSG00000036752', 'ENSMUSG00000021877', 'ENSMUSG00000053291', 'ENSMUSG00000029430', 'ENSMUSG00000019917', 'ENSMUSG00000024870', 'ENSMUSG00000017686', 'ENSMUSG00000079477', 'ENSMUSG00000048076', 'ENSMUSG00000020088', 'ENSMUSG00000002233', 'ENSMUSG00000059248', 'ENSMUSG00000021589', 'ENSMUSG00000008859', 'ENSMUSG00000024772', 'ENSMUSG00000027293', 'ENSMUSG00000052681', 'ENSMUSG00000028945', 'ENSMUSG00000024065', 'ENSMUSG00000001783', 'ENSMUSG00000054364', 'ENSMUSG00000042354', 'ENSMUSG00000028214', 'ENSMUSG00000045136', 'ENSMUSG00000022621', 'ENSMUSG00000028443', 'ENSMUSG00000054435']"
88,89,d4,GO:0016887,ATP hydrolysis activity,32/1456,284/22537,0.0015760705581944,0.0212074200109987,0.0181516485340041,ENSMUSG00000021178/ENSMUSG00000030603/ENSMUSG00000001416/ENSMUSG00000022884/ENSMUSG00000078671/ENSMUSG00000022822/ENSMUSG00000024527/ENSMUSG00000039105/ENSMUSG00000028649/ENSMUSG00000026849/ENSMUSG00000002102/ENSMUSG00000020708/ENSMUSG00000030213/ENSMUSG00000007739/ENSMUSG00000021832/ENSMUSG00000026864/ENSMUSG00000052812/ENSMUSG00000030007/ENSMUSG00000021589/ENSMUSG00000003072/ENSMUSG00000030730/ENSMUSG00000029467/ENSMUSG00000025781/ENSMUSG00000052456/ENSMUSG00000068039/ENSMUSG00000027115/ENSMUSG00000055775/ENSMUSG00000019943/ENSMUSG00000053754/ENSMUSG00000025393/ENSMUSG00000026944/ENSMUSG00000022629,32,"['ENSMUSG00000021178', 'ENSMUSG00000030603', 'ENSMUSG00000001416', 'ENSMUSG00000022884', 'ENSMUSG00000078671', 'ENSMUSG00000022822', 'ENSMUSG00000024527', 'ENSMUSG00000039105', 'ENSMUSG00000028649', 'ENSMUSG00000026849', 'ENSMUSG00000002102', 'ENSMUSG00000020708', 'ENSMUSG00000030213', 'ENSMUSG00000007739', 'ENSMUSG00000021832', 'ENSMUSG00000026864', 'ENSMUSG00000052812', 'ENSMUSG00000030007', 'ENSMUSG00000021589', 'ENSMUSG00000003072', 'ENSMUSG00000030730', 'ENSMUSG00000029467', 'ENSMUSG00000025781', 'ENSMUSG00000052456', 'ENSMUSG00000068039', 'ENSMUSG00000027115', 'ENSMUSG00000055775', 'ENSMUSG00000019943', 'ENSMUSG00000053754', 'ENSMUSG00000025393', 'ENSMUSG00000026944', 'ENSMUSG00000022629']"
89,90,d4,GO:0003954,NADH dehydrogenase activity,6/1456,21/22537,0.0016809868784728,0.0220292328403737,0.0188550465726063,ENSMUSG00000025968/ENSMUSG00000033938/ENSMUSG00000059734/ENSMUSG00000026260/ENSMUSG00000037916/ENSMUSG00000020153,6,"['ENSMUSG00000025968', 'ENSMUSG00000033938', 'ENSMUSG00000059734', 'ENSMUSG00000026260', 'ENSMUSG00000037916', 'ENSMUSG00000020153']"
90,91,d4,GO:0003727,single-stranded RNA binding,15/1456,99/22537,0.0016852965014493,0.0220292328403737,0.0188550465726063,ENSMUSG00000022283/ENSMUSG00000068882/ENSMUSG00000024217/ENSMUSG00000025580/ENSMUSG00000030435/ENSMUSG00000045193/ENSMUSG00000030057/ENSMUSG00000037058/ENSMUSG00000026915/ENSMUSG00000039630/ENSMUSG00000029328/ENSMUSG00000061477/ENSMUSG00000071662/ENSMUSG00000042079/ENSMUSG00000021040,15,"['ENSMUSG00000022283', 'ENSMUSG00000068882', 'ENSMUSG00000024217', 'ENSMUSG00000025580', 'ENSMUSG00000030435', 'ENSMUSG00000045193', 'ENSMUSG00000030057', 'ENSMUSG00000037058', 'ENSMUSG00000026915', 'ENSMUSG00000039630', 'ENSMUSG00000029328', 'ENSMUSG00000061477', 'ENSMUSG00000071662', 'ENSMUSG00000042079', 'ENSMUSG00000021040']"
91,92,d4,GO:0000993,RNA polymerase II complex binding,8/1456,36/22537,0.0017685686042074,0.0227921165190117,0.0195080065460394,ENSMUSG00000020485/ENSMUSG00000039630/ENSMUSG00000026603/ENSMUSG00000013822/ENSMUSG00000028271/ENSMUSG00000041057/ENSMUSG00000021807/ENSMUSG00000039849,8,"['ENSMUSG00000020485', 'ENSMUSG00000039630', 'ENSMUSG00000026603', 'ENSMUSG00000013822', 'ENSMUSG00000028271', 'ENSMUSG00000041057', 'ENSMUSG00000021807', 'ENSMUSG00000039849']"
92,93,d4,GO:0004869,cysteine-type endopeptidase inhibitor activity,9/1456,45/22537,0.0020406515408126,0.025695945452413,0.0219934235451197,ENSMUSG00000024073/ENSMUSG00000017716/ENSMUSG00000020415/ENSMUSG00000021585/ENSMUSG00000071561/ENSMUSG00000044594/ENSMUSG00000022902/ENSMUSG00000071562/ENSMUSG00000094733,9,"['ENSMUSG00000024073', 'ENSMUSG00000017716', 'ENSMUSG00000020415', 'ENSMUSG00000021585', 'ENSMUSG00000071561', 'ENSMUSG00000044594', 'ENSMUSG00000022902', 'ENSMUSG00000071562', 'ENSMUSG00000094733']"
93,94,d4,GO:0017025,TBP-class protein binding,7/1456,29/22537,0.0020500590360941,0.025695945452413,0.0219934235451197,ENSMUSG00000021178/ENSMUSG00000024218/ENSMUSG00000033543/ENSMUSG00000020708/ENSMUSG00000028271/ENSMUSG00000042079/ENSMUSG00000028899,7,"['ENSMUSG00000021178', 'ENSMUSG00000024218', 'ENSMUSG00000033543', 'ENSMUSG00000020708', 'ENSMUSG00000028271', 'ENSMUSG00000042079', 'ENSMUSG00000028899']"
94,95,d4,GO:0036002,pre-mRNA binding,8/1456,37/22537,0.0021305221534598,0.0263436185191313,0.0225477735728889,ENSMUSG00000021546/ENSMUSG00000024217/ENSMUSG00000030435/ENSMUSG00000061613/ENSMUSG00000004642/ENSMUSG00000039630/ENSMUSG00000035597/ENSMUSG00000015165,8,"['ENSMUSG00000021546', 'ENSMUSG00000024217', 'ENSMUSG00000030435', 'ENSMUSG00000061613', 'ENSMUSG00000004642', 'ENSMUSG00000039630', 'ENSMUSG00000035597', 'ENSMUSG00000015165']"
95,96,d4,GO:0003955,NAD(P)H dehydrogenase (quinone) activity,6/1456,22/22537,0.002186295394916,0.0266728038179763,0.0228295266500712,ENSMUSG00000025968/ENSMUSG00000033938/ENSMUSG00000059734/ENSMUSG00000026260/ENSMUSG00000037916/ENSMUSG00000020153,6,"['ENSMUSG00000025968', 'ENSMUSG00000033938', 'ENSMUSG00000059734', 'ENSMUSG00000026260', 'ENSMUSG00000037916', 'ENSMUSG00000020153']"
96,97,d4,GO:0019001,guanyl nucleotide binding,40/1456,389/22537,0.0025224689837421,0.0296422447694066,0.0253711016490521,ENSMUSG00000032562/ENSMUSG00000018340/ENSMUSG00000021282/ENSMUSG00000034789/ENSMUSG00000028057/ENSMUSG00000072235/ENSMUSG00000058672/ENSMUSG00000060904/ENSMUSG00000001833/ENSMUSG00000001473/ENSMUSG00000064262/ENSMUSG00000004771/ENSMUSG00000036752/ENSMUSG00000021877/ENSMUSG00000053291/ENSMUSG00000029430/ENSMUSG00000019917/ENSMUSG00000024870/ENSMUSG00000017686/ENSMUSG00000079477/ENSMUSG00000048076/ENSMUSG00000020088/ENSMUSG00000002233/ENSMUSG00000059248/ENSMUSG00000021589/ENSMUSG00000008859/ENSMUSG00000024772/ENSMUSG00000027293/ENSMUSG00000052681/ENSMUSG00000028945/ENSMUSG00000024065/ENSMUSG00000001783/ENSMUSG00000054364/ENSMUSG00000032435/ENSMUSG00000042354/ENSMUSG00000028214/ENSMUSG00000045136/ENSMUSG00000022621/ENSMUSG00000028443/ENSMUSG00000054435,40,"['ENSMUSG00000032562', 'ENSMUSG00000018340', 'ENSMUSG00000021282', 'ENSMUSG00000034789', 'ENSMUSG00000028057', 'ENSMUSG00000072235', 'ENSMUSG00000058672', 'ENSMUSG00000060904', 'ENSMUSG00000001833', 'ENSMUSG00000001473', 'ENSMUSG00000064262', 'ENSMUSG00000004771', 'ENSMUSG00000036752', 'ENSMUSG00000021877', 'ENSMUSG00000053291', 'ENSMUSG00000029430', 'ENSMUSG00000019917', 'ENSMUSG00000024870', 'ENSMUSG00000017686', 'ENSMUSG00000079477', 'ENSMUSG00000048076', 'ENSMUSG00000020088', 'ENSMUSG00000002233', 'ENSMUSG00000059248', 'ENSMUSG00000021589', 'ENSMUSG00000008859', 'ENSMUSG00000024772', 'ENSMUSG00000027293', 'ENSMUSG00000052681', 'ENSMUSG00000028945', 'ENSMUSG00000024065', 'ENSMUSG00000001783', 'ENSMUSG00000054364', 'ENSMUSG00000032435', 'ENSMUSG00000042354', 'ENSMUSG00000028214', 'ENSMUSG00000045136', 'ENSMUSG00000022621', 'ENSMUSG00000028443', 'ENSMUSG00000054435']"
97,98,d4,GO:0032561,guanyl ribonucleotide binding,40/1456,389/22537,0.0025224689837421,0.0296422447694066,0.0253711016490521,ENSMUSG00000032562/ENSMUSG00000018340/ENSMUSG00000021282/ENSMUSG00000034789/ENSMUSG00000028057/ENSMUSG00000072235/ENSMUSG00000058672/ENSMUSG00000060904/ENSMUSG00000001833/ENSMUSG00000001473/ENSMUSG00000064262/ENSMUSG00000004771/ENSMUSG00000036752/ENSMUSG00000021877/ENSMUSG00000053291/ENSMUSG00000029430/ENSMUSG00000019917/ENSMUSG00000024870/ENSMUSG00000017686/ENSMUSG00000079477/ENSMUSG00000048076/ENSMUSG00000020088/ENSMUSG00000002233/ENSMUSG00000059248/ENSMUSG00000021589/ENSMUSG00000008859/ENSMUSG00000024772/ENSMUSG00000027293/ENSMUSG00000052681/ENSMUSG00000028945/ENSMUSG00000024065/ENSMUSG00000001783/ENSMUSG00000054364/ENSMUSG00000032435/ENSMUSG00000042354/ENSMUSG00000028214/ENSMUSG00000045136/ENSMUSG00000022621/ENSMUSG00000028443/ENSMUSG00000054435,40,"['ENSMUSG00000032562', 'ENSMUSG00000018340', 'ENSMUSG00000021282', 'ENSMUSG00000034789', 'ENSMUSG00000028057', 'ENSMUSG00000072235', 'ENSMUSG00000058672', 'ENSMUSG00000060904', 'ENSMUSG00000001833', 'ENSMUSG00000001473', 'ENSMUSG00000064262', 'ENSMUSG00000004771', 'ENSMUSG00000036752', 'ENSMUSG00000021877', 'ENSMUSG00000053291', 'ENSMUSG00000029430', 'ENSMUSG00000019917', 'ENSMUSG00000024870', 'ENSMUSG00000017686', 'ENSMUSG00000079477', 'ENSMUSG00000048076', 'ENSMUSG00000020088', 'ENSMUSG00000002233', 'ENSMUSG00000059248', 'ENSMUSG00000021589', 'ENSMUSG00000008859', 'ENSMUSG00000024772', 'ENSMUSG00000027293', 'ENSMUSG00000052681', 'ENSMUSG00000028945', 'ENSMUSG00000024065', 'ENSMUSG00000001783', 'ENSMUSG00000054364', 'ENSMUSG00000032435', 'ENSMUSG00000042354', 'ENSMUSG00000028214', 'ENSMUSG00000045136', 'ENSMUSG00000022621', 'ENSMUSG00000028443', 'ENSMUSG00000054435']"
98,99,d4,GO:0015662,P-type ion transporter activity,7/1456,30/22537,0.0025268798819822,0.0296422447694066,0.0253711016490521,ENSMUSG00000024121/ENSMUSG00000033379/ENSMUSG00000030730/ENSMUSG00000029467/ENSMUSG00000019943/ENSMUSG00000027712/ENSMUSG00000038717,7,"['ENSMUSG00000024121', 'ENSMUSG00000033379', 'ENSMUSG00000030730', 'ENSMUSG00000029467', 'ENSMUSG00000019943', 'ENSMUSG00000027712', 'ENSMUSG00000038717']"
101,102,d4,GO:0016209,antioxidant activity,13/1456,85/22537,0.0030685148566271,0.0343748757801374,0.0294218091232927,ENSMUSG00000025289/ENSMUSG00000021760/ENSMUSG00000024953/ENSMUSG00000026701/ENSMUSG00000028597/ENSMUSG00000038773/ENSMUSG00000020803/ENSMUSG00000037072/ENSMUSG00000025068/ENSMUSG00000073940/ENSMUSG00000006818/ENSMUSG00000031584/ENSMUSG00000052305,13,"['ENSMUSG00000025289', 'ENSMUSG00000021760', 'ENSMUSG00000024953', 'ENSMUSG00000026701', 'ENSMUSG00000028597', 'ENSMUSG00000038773', 'ENSMUSG00000020803', 'ENSMUSG00000037072', 'ENSMUSG00000025068', 'ENSMUSG00000073940', 'ENSMUSG00000006818', 'ENSMUSG00000031584', 'ENSMUSG00000052305']"
102,103,d4,GO:0005546,"phosphatidylinositol-4,5-bisphosphate binding",14/1456,95/22537,0.0030805899606243,0.0343748757801374,0.0294218091232927,ENSMUSG00000022150/ENSMUSG00000028249/ENSMUSG00000041801/ENSMUSG00000038775/ENSMUSG00000039361/ENSMUSG00000051355/ENSMUSG00000018293/ENSMUSG00000023277/ENSMUSG00000052374/ENSMUSG00000020709/ENSMUSG00000022451/ENSMUSG00000018417/ENSMUSG00000036435/ENSMUSG00000041695,14,"['ENSMUSG00000022150', 'ENSMUSG00000028249', 'ENSMUSG00000041801', 'ENSMUSG00000038775', 'ENSMUSG00000039361', 'ENSMUSG00000051355', 'ENSMUSG00000018293', 'ENSMUSG00000023277', 'ENSMUSG00000052374', 'ENSMUSG00000020709', 'ENSMUSG00000022451', 'ENSMUSG00000018417', 'ENSMUSG00000036435', 'ENSMUSG00000041695']"
103,104,d4,GO:0043175,RNA polymerase core enzyme binding,8/1456,40/22537,0.0035735055152145,0.0386634799157661,0.0330924694361,ENSMUSG00000020485/ENSMUSG00000039630/ENSMUSG00000026603/ENSMUSG00000013822/ENSMUSG00000028271/ENSMUSG00000041057/ENSMUSG00000021807/ENSMUSG00000039849,8,"['ENSMUSG00000020485', 'ENSMUSG00000039630', 'ENSMUSG00000026603', 'ENSMUSG00000013822', 'ENSMUSG00000028271', 'ENSMUSG00000041057', 'ENSMUSG00000021807', 'ENSMUSG00000039849']"
106,107,d4,GO:0002039,p53 binding,12/1456,77/22537,0.0037245337753528,0.0396273070284635,0.0339174189579256,ENSMUSG00000057113/ENSMUSG00000052293/ENSMUSG00000024803/ENSMUSG00000078941/ENSMUSG00000031826/ENSMUSG00000022521/ENSMUSG00000022510/ENSMUSG00000009291/ENSMUSG00000026603/ENSMUSG00000028639/ENSMUSG00000029104/ENSMUSG00000053754,12,"['ENSMUSG00000057113', 'ENSMUSG00000052293', 'ENSMUSG00000024803', 'ENSMUSG00000078941', 'ENSMUSG00000031826', 'ENSMUSG00000022521', 'ENSMUSG00000022510', 'ENSMUSG00000009291', 'ENSMUSG00000026603', 'ENSMUSG00000028639', 'ENSMUSG00000029104', 'ENSMUSG00000053754']"
108,109,d4,GO:0031072,heat shock protein binding,19/1456,151/22537,0.0040357820302757,0.0419629608829811,0.0359165290732677,ENSMUSG00000055762/ENSMUSG00000021546/ENSMUSG00000063524/ENSMUSG00000062797/ENSMUSG00000021037/ENSMUSG00000039615/ENSMUSG00000003031/ENSMUSG00000019777/ENSMUSG00000029131/ENSMUSG00000025956/ENSMUSG00000026864/ENSMUSG00000022403/ENSMUSG00000020415/ENSMUSG00000025132/ENSMUSG00000029104/ENSMUSG00000025920/ENSMUSG00000047126/ENSMUSG00000028410/ENSMUSG00000014195,19,"['ENSMUSG00000055762', 'ENSMUSG00000021546', 'ENSMUSG00000063524', 'ENSMUSG00000062797', 'ENSMUSG00000021037', 'ENSMUSG00000039615', 'ENSMUSG00000003031', 'ENSMUSG00000019777', 'ENSMUSG00000029131', 'ENSMUSG00000025956', 'ENSMUSG00000026864', 'ENSMUSG00000022403', 'ENSMUSG00000020415', 'ENSMUSG00000025132', 'ENSMUSG00000029104', 'ENSMUSG00000025920', 'ENSMUSG00000047126', 'ENSMUSG00000028410', 'ENSMUSG00000014195']"
109,110,d4,GO:0003730,mRNA 3'-UTR binding,16/1456,119/22537,0.0041631707304522,0.0428011372849866,0.0366339328616969,ENSMUSG00000030795/ENSMUSG00000021546/ENSMUSG00000022283/ENSMUSG00000036371/ENSMUSG00000058558/ENSMUSG00000001056/ENSMUSG00000045193/ENSMUSG00000034681/ENSMUSG00000039630/ENSMUSG00000071337/ENSMUSG00000008393/ENSMUSG00000061477/ENSMUSG00000015165/ENSMUSG00000005846/ENSMUSG00000021040/ENSMUSG00000066037,16,"['ENSMUSG00000030795', 'ENSMUSG00000021546', 'ENSMUSG00000022283', 'ENSMUSG00000036371', 'ENSMUSG00000058558', 'ENSMUSG00000001056', 'ENSMUSG00000045193', 'ENSMUSG00000034681', 'ENSMUSG00000039630', 'ENSMUSG00000071337', 'ENSMUSG00000008393', 'ENSMUSG00000061477', 'ENSMUSG00000015165', 'ENSMUSG00000005846', 'ENSMUSG00000021040', 'ENSMUSG00000066037']"
110,111,d4,GO:0140358,P-type transmembrane transporter activity,7/1456,33/22537,0.0044765076692149,0.0455111613036852,0.0389534702443967,ENSMUSG00000024121/ENSMUSG00000033379/ENSMUSG00000030730/ENSMUSG00000029467/ENSMUSG00000019943/ENSMUSG00000027712/ENSMUSG00000038717,7,"['ENSMUSG00000024121', 'ENSMUSG00000033379', 'ENSMUSG00000030730', 'ENSMUSG00000029467', 'ENSMUSG00000019943', 'ENSMUSG00000027712', 'ENSMUSG00000038717']"
111,112,d4,GO:0070063,RNA polymerase binding,10/1456,60/22537,0.0047880740964078,0.0481438219583861,0.0412067915295246,ENSMUSG00000020485/ENSMUSG00000039630/ENSMUSG00000026603/ENSMUSG00000013822/ENSMUSG00000028271/ENSMUSG00000041057/ENSMUSG00000024498/ENSMUSG00000021807/ENSMUSG00000026349/ENSMUSG00000039849,10,"['ENSMUSG00000020485', 'ENSMUSG00000039630', 'ENSMUSG00000026603', 'ENSMUSG00000013822', 'ENSMUSG00000028271', 'ENSMUSG00000041057', 'ENSMUSG00000024498', 'ENSMUSG00000021807', 'ENSMUSG00000026349', 'ENSMUSG00000039849']"
112,113,d4,GO:0022853,active monoatomic ion transmembrane transporter activity,26/1456,234/22537,0.0049451610321959,0.0491828515702096,0.0420961076424917,ENSMUSG00000015575/ENSMUSG00000006273/ENSMUSG00000024121/ENSMUSG00000022295/ENSMUSG00000033379/ENSMUSG00000006576/ENSMUSG00000039105/ENSMUSG00000022551/ENSMUSG00000000088/ENSMUSG00000004285/ENSMUSG00000022094/ENSMUSG00000029321/ENSMUSG00000041028/ENSMUSG00000013160/ENSMUSG00000039463/ENSMUSG00000023942/ENSMUSG00000036814/ENSMUSG00000030730/ENSMUSG00000029467/ENSMUSG00000021114/ENSMUSG00000019943/ENSMUSG00000017765/ENSMUSG00000027712/ENSMUSG00000025393/ENSMUSG00000038717/ENSMUSG00000025161,26,"['ENSMUSG00000015575', 'ENSMUSG00000006273', 'ENSMUSG00000024121', 'ENSMUSG00000022295', 'ENSMUSG00000033379', 'ENSMUSG00000006576', 'ENSMUSG00000039105', 'ENSMUSG00000022551', 'ENSMUSG00000000088', 'ENSMUSG00000004285', 'ENSMUSG00000022094', 'ENSMUSG00000029321', 'ENSMUSG00000041028', 'ENSMUSG00000013160', 'ENSMUSG00000039463', 'ENSMUSG00000023942', 'ENSMUSG00000036814', 'ENSMUSG00000030730', 'ENSMUSG00000029467', 'ENSMUSG00000021114', 'ENSMUSG00000019943', 'ENSMUSG00000017765', 'ENSMUSG00000027712', 'ENSMUSG00000025393', 'ENSMUSG00000038717', 'ENSMUSG00000025161']"
113,114,d4,GO:0005518,collagen binding,11/1456,70/22537,0.00503495027608,0.0495374140065935,0.0423995812722526,ENSMUSG00000019929/ENSMUSG00000018593/ENSMUSG00000032431/ENSMUSG00000046318/ENSMUSG00000052316/ENSMUSG00000001119/ENSMUSG00000020241/ENSMUSG00000005397/ENSMUSG00000023328/ENSMUSG00000070436/ENSMUSG00000029309,11,"['ENSMUSG00000019929', 'ENSMUSG00000018593', 'ENSMUSG00000032431', 'ENSMUSG00000046318', 'ENSMUSG00000052316', 'ENSMUSG00000001119', 'ENSMUSG00000020241', 'ENSMUSG00000005397', 'ENSMUSG00000023328', 'ENSMUSG00000070436', 'ENSMUSG00000029309']"
