cohort,mouse,group,endpoint,tube number,date_processed,tewl,score,RNAconc,ng_input,cDNAconc,hackflex_input,sample
0,0,water,0,61,0,na,na,0,0,0.42,2.1,TGGTAGCTAT+AGGTGTTGGT
14,1,pbs,4,1,5923,10.9,0,655.1,655.1,3.39781371,16.98906855,CTGATCGTAT+GCGCATATGT
14,5,pbs,4,2,5923,11.8,0,213.8,427.6,2.956000911,14.78000455,ACTCTCGAAT+CTGTACCAGT
14,11,sepi44,4,3,5923,14.8,3,190.7,381.4,6.349305397,31.74652699,TGAGCTAGAT+GAACGGTTGT
14,12,sepi44,4,4,5923,24.3,3,618.5,618.5,3.361375541,16.8068777,GAGACGATAT+ACCGGTTAGT
14,15,sepi44,4,5,5923,32.8,4,778.6,778.6,8.371623776,41.85811888,CTTGTCGAAT+CGATGTTCGT
18,6,hk_sepi44,4,58,32823,8.1,1,429,858,11.61462082,58.07310408,TTGGACGTAT+GAAGTGCTGT
18,7,hk_sepi44,4,59,32823,18.4,2,798,798,2.864905488,14.32452744,AGTGGATCAT+TCGATGACGT
18,8,hk_sepi44,4,60,32823,12.8,1,270,540,5.411022546,27.05511273,GATAGGCTAT+CAGTCACAGT
19,6,hk_sepi44,4,61,5923,9.7,0,253.6,507.2,4.226782054,21.13391027,TTCCAAGGAT+CTACAAGGGT
19,7,hk_sepi44,4,62,5923,9.1,0,560.3,560.3,3.839626509,19.19813254,CGCATGATAT+AAGCCTGAGT
19,8,hk_sepi44,4,63,5923,15,1,376.6,753.2,3.7621954,18.810977,ACGGAACAAT+ACGAGAACGT
21,2,pbs,4,64,5923,40.2,2,306.5,613,2.359325894,11.79662947,CGGCTAATAT+CTCGTTCTGT
21,4,pbs,4,65,5923,34.4,2,193.4,386.8,3.580004555,17.90002277,ATCGATCGAT+TGGAAGCAGT
21,11,etoh_sepi44,4,66,5923,49.6,6,103.6,414.4,4.490958779,22.4547939,GCAAGATCAT+AGTCGAAGGT
21,12,etoh_sepi44,4,67,5923,49.4,5,268.8,537.6,3.488909132,17.44454566,GCTATCCTAT+AACAGGTGGT
21,14,etoh_sepi44,4,68,5923,52.2,5,223.2,446.4,2.623502619,13.11751309,TACGCTACAT+CGTGTGATGT
21,16,sepi44,4,69,5923,47.7,5,457,914,5.146845821,25.7342291,TGGACTCTAT+TCTTACGGGT
21,17,sepi44,4,70,5923,39.9,5,618,618,5.893828285,29.46914143,AGAGTAGCAT+AAGGCGTAGT
21,19,sepi44,4,71,5923,47.1,4,411.4,822.8,3.07442496,15.3721248,ATCCAGAGAT+TAACGTCGGT
26,2,pbs,4,72,5923,41.2,4,364.8,729.6,7.647415167,38.23707584,GACGATCTAT+TCGTGCATGT
26,3,pbs,4,73,5923,48,4,117.5,470,4.158460487,20.79230244,AACTGAGCAT+CAATCAGGGT
26,5,etoh_sepi44,4,74,5923,35.5,6,399.6,799.2,6.513277158,32.56638579,CTTAGGACAT+ACTCCTACGT
26,6,etoh_sepi44,4,75,5923,58.1,7,365,730,6.089683443,30.44841722,GTGCCATAAT+CTCCTAGTGT
26,7,etoh_sepi44,4,76,5923,41.8,6,565.9,565.9,5.283488955,26.41744477,GAATCCGAAT+AGCTAGTGGT
26,10,sepi44,4,77,5923,51.6,8,147.2,588.8,13.15868823,65.79344113,TCGCTGTTAT+CAAGTCGTGT
26,11,sepi44,4,78,5923,49.4,7,312.2,624.4,7.929810977,39.64905488,TTCGTTGGAT+TACACACGGT
26,12,sepi44,4,79,5923,53.9,7,514.9,514.9,4.545616033,22.72808016,AAGCACTGAT+AGGTCAACGT
26,15,saureus,4,80,5923,58.3,9,471.7,943.4,6.094238215,30.47119107,CCTTGATCAT+GATGGAGTGT
26,16,saureus,4,81,5923,63.3,9,302.4,604.8,9.273468458,46.36734229,GTCGAAGAAT+CCACATTGGT
26,18,saureus,4,82,5923,72.8,9,204,408,10.06144386,50.30721931,ACCACGATAT+GTCTGCAAGT
26,19,saureus,4,83,5923,56.8,9,146.8,587.2,9.196037349,45.98018675,GATTACCGAT+TTGGACTGGT
28,1,pbs,0,84,5923,88.6,na,248.1,496.2,12.01999545,60.09997723,GCACAACTAT+CTGAACGTGT
28,2,pbs,0,85,5923,84.4,na,282.9,565.8,16.92092917,84.60464587,GCGTCATTAT+CAGACGTTGT
28,3,pbs,0,86,5923,83.8,na,183.7,367.4,12.71232066,63.56160328,ATCCGGTAAT+GACCGATAGT
28,4,pbs,0,87,5923,78,na,136.9,547.6,40.1183785,200.5918925,CGTTGCAAAT+ATAGAGCGGT
28,5,pbs,0,88,5923,94.8,na,235.9,471.8,11.50530631,57.52653154,GTGAAGTGAT+GAGCAATCGT
28,6,sepi44,0,89,5923,95.3,na,180.2,360.4,16.48367115,82.41835573,CATGGCTAAT+CACACATCGT
28,7,sepi44,0,90,5923,91.2,na,258.4,516.8,15.20378046,76.0189023,ATGCCTGTAT+AGATTGCGGT
28,8,sepi44,0,91,5923,92.8,na,179.6,359.2,16.1602824,80.80141198,CAACACCTAT+AGCTACCAGT
28,9,sepi44,0,92,5923,88.2,na,238.9,477.8,6.777453883,33.88726941,TGTGACTGAT+AGCCTATCGT
28,10,sepi44,0,93,5923,89.8,na,470.1,940.2,31.51441585,157.5720793,GTCATCGAAT+GATCCACTGT
28,11,lacto,0,94,5923,98.5,na,211.2,422.4,19.48071054,97.40355272,AGCACTTCAT+ACGTCCAAGT
28,12,lacto,0,95,5923,108.3,na,424.4,848.8,6.513277158,32.56638579,GAAGGAAGAT+GACGTCATGT
28,13,lacto,0,96,5923,96.6,na,120.1,480.4,23.64832612,118.2416306,GTTGTTCGAT+CCAACTTCGT
28,14,lacto,0,97,5923,98.8,na,552.2,552.2,10.59890685,52.99453427,CGGTTGTTAT+GTGGTATGGT
28,15,lacto,0,98,5923,93.7,na,264,528,17.5950353,87.9751765,ACTGAGGTAT+GTCAACAGGT
28,16,pbs,1,99,5923,76.5,na,205.5,411,18.83848782,94.19243908,TGAAGACGAT+ACATGCCAGT
28,17,pbs,1,100,5923,79.8,na,513.7,513.7,11.55085402,57.7542701,GTTACGCAAT+ATGGCGATGT
28,18,pbs,1,101,5923,82.9,na,258.5,517,22.21357322,111.0678661,AGCGTGTTAT+CTTCGCAAGT
28,19,pbs,1,102,5923,79.8,na,334.9,669.8,22.18624459,110.931223,GATCGAGTAT+GACGAACTGT
28,20,sepi44,1,103,5923,83.3,na,152.5,305,13.41375541,67.06877704,ACAGCTCAAT+TACTGCTCGT
28,21,sepi44,1,104,51023,88.7,na,169.8,339.6,14.45224322,72.26121612,GAGCAGTAAT+TGAGCTGTGT
28,22,sepi44,1,105,51023,90.4,na,253.5,507,17.90475974,89.52379868,AGTTCGTCAT+ACTCGATCGT
28,23,sepi44,1,106,51023,89.7,na,342.1,684.2,21.47114552,107.3557276,TTGCGAAGAT+AACACGCTGT
28,24,sepi44,1,107,51023,89.8,na,390,780,27.92981098,139.6490549,ATCGCCATAT+TGCGTAACGT
28,25,lacto,1,108,51023,72.1,na,376.6,753.2,30.53969483,152.6984742,TGGCATGTAT+CGTCTTCAGT
28,26,lacto,1,109,51023,77,na,373.6,747.2,17.10312002,85.51560009,CTGTTGACAT+ACCTCAGTGT
28,27,lacto,1,110,51023,70.3,na,524.2,524.2,16.45178775,82.25893874,CATACCACAT+AACAACCGGT
28,28,lacto,1,111,51023,70.6,na,399.7,799.4,21.38915964,106.9457982,GAAGTTGGAT+CGAACAACGT
28,29,lacto,1,112,51023,83.2,na,363.3,726.6,29.06850376,145.3425188,ATGACGTCAT+CTTCCTTCGT